#shard	layer	tensor	type	ne0	ne1	ne2	ne3	bytes
Qwen3.8-Flash-Next-APEX-I-Mini-00001-of-00006.gguf	-1	output.weight	q6_K	2560	248320	1	1	521472000
Qwen3.8-Flash-Next-APEX-I-Mini-00001-of-00006.gguf	-1	output_hc_down.weight	q8_0	10240	320	1	1	3481600
Qwen3.8-Flash-Next-APEX-I-Mini-00001-of-00006.gguf	-1	output_hc_norm.weight	f32	10240	1	1	1	40960
Qwen3.8-Flash-Next-APEX-I-Mini-00001-of-00006.gguf	-1	output_hc_up.weight	q8_0	320	10240	1	1	3481600
Qwen3.8-Flash-Next-APEX-I-Mini-00002-of-00006.gguf	-1	per_layer_token_embd.weight	iq4_nl	160	320001536	1	1	28800138240
Qwen3.8-Flash-Next-APEX-I-Mini-00003-of-00006.gguf	-1	token_embd.weight	iq4_xs	2560	248320	1	1	337715200
Qwen3.8-Flash-Next-APEX-I-Mini-00003-of-00006.gguf	0	blk.0.attn_gate.weight	q5_K	2560	6144	1	1	10813440
Qwen3.8-Flash-Next-APEX-I-Mini-00003-of-00006.gguf	0	blk.0.attn_qkv.weight	q5_K	2560	10240	1	1	18022400
Qwen3.8-Flash-Next-APEX-I-Mini-00003-of-00006.gguf	0	blk.0.ffn_down_exps.weight	iq4_nl	640	2560	512	1	471859200
Qwen3.8-Flash-Next-APEX-I-Mini-00003-of-00006.gguf	0	blk.0.ffn_down_shexp.weight	q8_0	640	2560	1	1	1740800
Qwen3.8-Flash-Next-APEX-I-Mini-00003-of-00006.gguf	0	blk.0.ffn_gate_exps.weight	iq3_xxs	2560	640	512	1	321126400
Qwen3.8-Flash-Next-APEX-I-Mini-00003-of-00006.gguf	0	blk.0.ffn_gate_inp.weight	f32	2560	512	1	1	5242880
Qwen3.8-Flash-Next-APEX-I-Mini-00003-of-00006.gguf	0	blk.0.ffn_gate_inp_shexp.weight	f32	2560	1	1	1	10240
Qwen3.8-Flash-Next-APEX-I-Mini-00003-of-00006.gguf	0	blk.0.ffn_gate_shexp.weight	q6_K	2560	640	1	1	1344000
Qwen3.8-Flash-Next-APEX-I-Mini-00003-of-00006.gguf	0	blk.0.ffn_up_exps.weight	iq3_s	2560	640	512	1	360448000
Qwen3.8-Flash-Next-APEX-I-Mini-00003-of-00006.gguf	0	blk.0.ffn_up_shexp.weight	q6_K	2560	640	1	1	1344000
Qwen3.8-Flash-Next-APEX-I-Mini-00003-of-00006.gguf	0	blk.0.hc_attn_down.weight	q8_0	10240	320	1	1	3481600
Qwen3.8-Flash-Next-APEX-I-Mini-00003-of-00006.gguf	0	blk.0.hc_attn_inject.weight	q8_0	10240	4	1	1	43520
Qwen3.8-Flash-Next-APEX-I-Mini-00003-of-00006.gguf	0	blk.0.hc_attn_norm.weight	f32	10240	1	1	1	40960
Qwen3.8-Flash-Next-APEX-I-Mini-00003-of-00006.gguf	0	blk.0.hc_attn_up.weight	q8_0	320	10240	1	1	3481600
Qwen3.8-Flash-Next-APEX-I-Mini-00003-of-00006.gguf	0	blk.0.hc_ffn_down.weight	q8_0	10240	320	1	1	3481600
Qwen3.8-Flash-Next-APEX-I-Mini-00003-of-00006.gguf	0	blk.0.hc_ffn_inject.weight	q8_0	10240	4	1	1	43520
Qwen3.8-Flash-Next-APEX-I-Mini-00003-of-00006.gguf	0	blk.0.hc_ffn_norm.weight	f32	10240	1	1	1	40960
Qwen3.8-Flash-Next-APEX-I-Mini-00003-of-00006.gguf	0	blk.0.hc_ffn_up.weight	q8_0	320	10240	1	1	3481600
Qwen3.8-Flash-Next-APEX-I-Mini-00003-of-00006.gguf	0	blk.0.ssm_a	f32	48	1	1	1	192
Qwen3.8-Flash-Next-APEX-I-Mini-00003-of-00006.gguf	0	blk.0.ssm_alpha.weight	q6_K	2560	48	1	1	100800
Qwen3.8-Flash-Next-APEX-I-Mini-00003-of-00006.gguf	0	blk.0.ssm_beta.weight	q6_K	2560	48	1	1	100800
Qwen3.8-Flash-Next-APEX-I-Mini-00003-of-00006.gguf	0	blk.0.ssm_conv1d.weight	f32	4	10240	1	1	163840
Qwen3.8-Flash-Next-APEX-I-Mini-00003-of-00006.gguf	0	blk.0.ssm_dt.bias	f32	48	1	1	1	192
Qwen3.8-Flash-Next-APEX-I-Mini-00003-of-00006.gguf	0	blk.0.ssm_norm.weight	f32	128	1	1	1	512
Qwen3.8-Flash-Next-APEX-I-Mini-00003-of-00006.gguf	0	blk.0.ssm_out.weight	q5_K	6144	2560	1	1	10813440
Qwen3.8-Flash-Next-APEX-I-Mini-00003-of-00006.gguf	1	blk.1.attn_gate.weight	q5_K	2560	6144	1	1	10813440
Qwen3.8-Flash-Next-APEX-I-Mini-00003-of-00006.gguf	1	blk.1.attn_qkv.weight	q5_K	2560	10240	1	1	18022400
Qwen3.8-Flash-Next-APEX-I-Mini-00003-of-00006.gguf	1	blk.1.ffn_down_exps.weight	iq4_nl	640	2560	512	1	471859200
Qwen3.8-Flash-Next-APEX-I-Mini-00003-of-00006.gguf	1	blk.1.ffn_down_shexp.weight	q8_0	640	2560	1	1	1740800
Qwen3.8-Flash-Next-APEX-I-Mini-00003-of-00006.gguf	1	blk.1.ffn_gate_exps.weight	iq3_xxs	2560	640	512	1	321126400
Qwen3.8-Flash-Next-APEX-I-Mini-00003-of-00006.gguf	1	blk.1.ffn_gate_inp.weight	f32	2560	512	1	1	5242880
Qwen3.8-Flash-Next-APEX-I-Mini-00003-of-00006.gguf	1	blk.1.ffn_gate_inp_shexp.weight	f32	2560	1	1	1	10240
Qwen3.8-Flash-Next-APEX-I-Mini-00003-of-00006.gguf	1	blk.1.ffn_gate_shexp.weight	q6_K	2560	640	1	1	1344000
Qwen3.8-Flash-Next-APEX-I-Mini-00003-of-00006.gguf	1	blk.1.ffn_up_exps.weight	iq3_s	2560	640	512	1	360448000
Qwen3.8-Flash-Next-APEX-I-Mini-00003-of-00006.gguf	1	blk.1.ffn_up_shexp.weight	q6_K	2560	640	1	1	1344000
Qwen3.8-Flash-Next-APEX-I-Mini-00003-of-00006.gguf	1	blk.1.hc_attn_down.weight	q8_0	10240	320	1	1	3481600
Qwen3.8-Flash-Next-APEX-I-Mini-00003-of-00006.gguf	1	blk.1.hc_attn_inject.weight	q8_0	10240	4	1	1	43520
Qwen3.8-Flash-Next-APEX-I-Mini-00003-of-00006.gguf	1	blk.1.hc_attn_norm.weight	f32	10240	1	1	1	40960
Qwen3.8-Flash-Next-APEX-I-Mini-00003-of-00006.gguf	1	blk.1.hc_attn_up.weight	q8_0	320	10240	1	1	3481600
Qwen3.8-Flash-Next-APEX-I-Mini-00003-of-00006.gguf	1	blk.1.hc_ffn_down.weight	q8_0	10240	320	1	1	3481600
Qwen3.8-Flash-Next-APEX-I-Mini-00003-of-00006.gguf	1	blk.1.hc_ffn_inject.weight	q8_0	10240	4	1	1	43520
Qwen3.8-Flash-Next-APEX-I-Mini-00003-of-00006.gguf	1	blk.1.hc_ffn_norm.weight	f32	10240	1	1	1	40960
Qwen3.8-Flash-Next-APEX-I-Mini-00003-of-00006.gguf	1	blk.1.hc_ffn_up.weight	q8_0	320	10240	1	1	3481600
Qwen3.8-Flash-Next-APEX-I-Mini-00003-of-00006.gguf	1	blk.1.ple_conv1d.weight	f16	4	10240	1	1	81920
Qwen3.8-Flash-Next-APEX-I-Mini-00003-of-00006.gguf	1	blk.1.ple_key.weight	q6_K	2560	10240	1	1	21504000
Qwen3.8-Flash-Next-APEX-I-Mini-00003-of-00006.gguf	1	blk.1.ple_norm_conv.weight	f32	10240	1	1	1	40960
Qwen3.8-Flash-Next-APEX-I-Mini-00003-of-00006.gguf	1	blk.1.ple_norm_key.weight	f32	10240	1	1	1	40960
Qwen3.8-Flash-Next-APEX-I-Mini-00003-of-00006.gguf	1	blk.1.ple_norm_query.weight	f32	10240	1	1	1	40960
Qwen3.8-Flash-Next-APEX-I-Mini-00003-of-00006.gguf	1	blk.1.ple_value.weight	q6_K	2560	2560	1	1	5376000
Qwen3.8-Flash-Next-APEX-I-Mini-00003-of-00006.gguf	1	blk.1.ssm_a	f32	48	1	1	1	192
Qwen3.8-Flash-Next-APEX-I-Mini-00003-of-00006.gguf	1	blk.1.ssm_alpha.weight	q6_K	2560	48	1	1	100800
Qwen3.8-Flash-Next-APEX-I-Mini-00003-of-00006.gguf	1	blk.1.ssm_beta.weight	q6_K	2560	48	1	1	100800
Qwen3.8-Flash-Next-APEX-I-Mini-00003-of-00006.gguf	1	blk.1.ssm_conv1d.weight	f32	4	10240	1	1	163840
Qwen3.8-Flash-Next-APEX-I-Mini-00003-of-00006.gguf	1	blk.1.ssm_dt.bias	f32	48	1	1	1	192
Qwen3.8-Flash-Next-APEX-I-Mini-00003-of-00006.gguf	1	blk.1.ssm_norm.weight	f32	128	1	1	1	512
Qwen3.8-Flash-Next-APEX-I-Mini-00003-of-00006.gguf	1	blk.1.ssm_out.weight	q5_K	6144	2560	1	1	10813440
Qwen3.8-Flash-Next-APEX-I-Mini-00003-of-00006.gguf	2	blk.2.attn_gate.weight	q5_K	2560	6144	1	1	10813440
Qwen3.8-Flash-Next-APEX-I-Mini-00003-of-00006.gguf	2	blk.2.attn_qkv.weight	q5_K	2560	10240	1	1	18022400
Qwen3.8-Flash-Next-APEX-I-Mini-00003-of-00006.gguf	2	blk.2.ffn_down_exps.weight	iq4_nl	640	2560	512	1	471859200
Qwen3.8-Flash-Next-APEX-I-Mini-00003-of-00006.gguf	2	blk.2.ffn_down_shexp.weight	q8_0	640	2560	1	1	1740800
Qwen3.8-Flash-Next-APEX-I-Mini-00003-of-00006.gguf	2	blk.2.ffn_gate_exps.weight	iq3_xxs	2560	640	512	1	321126400
Qwen3.8-Flash-Next-APEX-I-Mini-00003-of-00006.gguf	2	blk.2.ffn_gate_inp.weight	f32	2560	512	1	1	5242880
Qwen3.8-Flash-Next-APEX-I-Mini-00003-of-00006.gguf	2	blk.2.ffn_gate_inp_shexp.weight	f32	2560	1	1	1	10240
Qwen3.8-Flash-Next-APEX-I-Mini-00003-of-00006.gguf	2	blk.2.ffn_gate_shexp.weight	q6_K	2560	640	1	1	1344000
Qwen3.8-Flash-Next-APEX-I-Mini-00003-of-00006.gguf	2	blk.2.ffn_up_exps.weight	iq3_s	2560	640	512	1	360448000
Qwen3.8-Flash-Next-APEX-I-Mini-00003-of-00006.gguf	2	blk.2.ffn_up_shexp.weight	q6_K	2560	640	1	1	1344000
Qwen3.8-Flash-Next-APEX-I-Mini-00003-of-00006.gguf	2	blk.2.hc_attn_down.weight	q8_0	10240	320	1	1	3481600
Qwen3.8-Flash-Next-APEX-I-Mini-00003-of-00006.gguf	2	blk.2.hc_attn_inject.weight	q8_0	10240	4	1	1	43520
Qwen3.8-Flash-Next-APEX-I-Mini-00003-of-00006.gguf	2	blk.2.hc_attn_norm.weight	f32	10240	1	1	1	40960
Qwen3.8-Flash-Next-APEX-I-Mini-00003-of-00006.gguf	2	blk.2.hc_attn_up.weight	q8_0	320	10240	1	1	3481600
Qwen3.8-Flash-Next-APEX-I-Mini-00003-of-00006.gguf	2	blk.2.hc_ffn_down.weight	q8_0	10240	320	1	1	3481600
Qwen3.8-Flash-Next-APEX-I-Mini-00003-of-00006.gguf	2	blk.2.hc_ffn_inject.weight	q8_0	10240	4	1	1	43520
Qwen3.8-Flash-Next-APEX-I-Mini-00003-of-00006.gguf	2	blk.2.hc_ffn_norm.weight	f32	10240	1	1	1	40960
Qwen3.8-Flash-Next-APEX-I-Mini-00003-of-00006.gguf	2	blk.2.hc_ffn_up.weight	q8_0	320	10240	1	1	3481600
Qwen3.8-Flash-Next-APEX-I-Mini-00003-of-00006.gguf	2	blk.2.ssm_a	f32	48	1	1	1	192
Qwen3.8-Flash-Next-APEX-I-Mini-00003-of-00006.gguf	2	blk.2.ssm_alpha.weight	q6_K	2560	48	1	1	100800
Qwen3.8-Flash-Next-APEX-I-Mini-00003-of-00006.gguf	2	blk.2.ssm_beta.weight	q6_K	2560	48	1	1	100800
Qwen3.8-Flash-Next-APEX-I-Mini-00003-of-00006.gguf	2	blk.2.ssm_conv1d.weight	f32	4	10240	1	1	163840
Qwen3.8-Flash-Next-APEX-I-Mini-00003-of-00006.gguf	2	blk.2.ssm_dt.bias	f32	48	1	1	1	192
Qwen3.8-Flash-Next-APEX-I-Mini-00003-of-00006.gguf	2	blk.2.ssm_norm.weight	f32	128	1	1	1	512
Qwen3.8-Flash-Next-APEX-I-Mini-00003-of-00006.gguf	2	blk.2.ssm_out.weight	q5_K	6144	2560	1	1	10813440
Qwen3.8-Flash-Next-APEX-I-Mini-00003-of-00006.gguf	3	blk.3.attn_k.weight	q6_K	2560	512	1	1	1075200
Qwen3.8-Flash-Next-APEX-I-Mini-00003-of-00006.gguf	3	blk.3.attn_k_norm.weight	f32	256	1	1	1	1024
Qwen3.8-Flash-Next-APEX-I-Mini-00003-of-00006.gguf	3	blk.3.attn_output.weight	q5_K	6144	2560	1	1	10813440
Qwen3.8-Flash-Next-APEX-I-Mini-00003-of-00006.gguf	3	blk.3.attn_q.weight	q5_K	2560	12288	1	1	21626880
Qwen3.8-Flash-Next-APEX-I-Mini-00003-of-00006.gguf	3	blk.3.attn_q_norm.weight	f32	256	1	1	1	1024
Qwen3.8-Flash-Next-APEX-I-Mini-00003-of-00006.gguf	3	blk.3.attn_v.weight	q6_K	2560	512	1	1	1075200
Qwen3.8-Flash-Next-APEX-I-Mini-00003-of-00006.gguf	3	blk.3.ffn_down_exps.weight	iq4_nl	640	2560	512	1	471859200
Qwen3.8-Flash-Next-APEX-I-Mini-00003-of-00006.gguf	3	blk.3.ffn_down_shexp.weight	q8_0	640	2560	1	1	1740800
Qwen3.8-Flash-Next-APEX-I-Mini-00003-of-00006.gguf	3	blk.3.ffn_gate_exps.weight	iq2_xs	2560	640	512	1	242483200
Qwen3.8-Flash-Next-APEX-I-Mini-00003-of-00006.gguf	3	blk.3.ffn_gate_inp.weight	f32	2560	512	1	1	5242880
Qwen3.8-Flash-Next-APEX-I-Mini-00003-of-00006.gguf	3	blk.3.ffn_gate_inp_shexp.weight	f32	2560	1	1	1	10240
Qwen3.8-Flash-Next-APEX-I-Mini-00003-of-00006.gguf	3	blk.3.ffn_gate_shexp.weight	q6_K	2560	640	1	1	1344000
Qwen3.8-Flash-Next-APEX-I-Mini-00003-of-00006.gguf	3	blk.3.ffn_up_exps.weight	iq2_s	2560	640	512	1	268697600
Qwen3.8-Flash-Next-APEX-I-Mini-00003-of-00006.gguf	3	blk.3.ffn_up_shexp.weight	q6_K	2560	640	1	1	1344000
Qwen3.8-Flash-Next-APEX-I-Mini-00003-of-00006.gguf	3	blk.3.hc_attn_down.weight	q8_0	10240	320	1	1	3481600
Qwen3.8-Flash-Next-APEX-I-Mini-00003-of-00006.gguf	3	blk.3.hc_attn_inject.weight	q8_0	10240	4	1	1	43520
Qwen3.8-Flash-Next-APEX-I-Mini-00003-of-00006.gguf	3	blk.3.hc_attn_norm.weight	f32	10240	1	1	1	40960
Qwen3.8-Flash-Next-APEX-I-Mini-00003-of-00006.gguf	3	blk.3.hc_attn_up.weight	q8_0	320	10240	1	1	3481600
Qwen3.8-Flash-Next-APEX-I-Mini-00003-of-00006.gguf	3	blk.3.hc_ffn_down.weight	q8_0	10240	320	1	1	3481600
Qwen3.8-Flash-Next-APEX-I-Mini-00003-of-00006.gguf	3	blk.3.hc_ffn_inject.weight	q8_0	10240	4	1	1	43520
Qwen3.8-Flash-Next-APEX-I-Mini-00003-of-00006.gguf	3	blk.3.hc_ffn_norm.weight	f32	10240	1	1	1	40960
Qwen3.8-Flash-Next-APEX-I-Mini-00003-of-00006.gguf	3	blk.3.hc_ffn_up.weight	q8_0	320	10240	1	1	3481600
Qwen3.8-Flash-Next-APEX-I-Mini-00003-of-00006.gguf	3	blk.3.indexer.k_norm.weight	f32	128	1	1	1	512
Qwen3.8-Flash-Next-APEX-I-Mini-00003-of-00006.gguf	3	blk.3.indexer.k_proj.weight	bf16	2560	128	1	1	655360
Qwen3.8-Flash-Next-APEX-I-Mini-00003-of-00006.gguf	3	blk.3.indexer.q_norm.weight	f32	128	1	1	1	512
Qwen3.8-Flash-Next-APEX-I-Mini-00003-of-00006.gguf	3	blk.3.indexer.q_proj.weight	bf16	2560	512	1	1	2621440
Qwen3.8-Flash-Next-APEX-I-Mini-00003-of-00006.gguf	4	blk.4.attn_gate.weight	q5_K	2560	6144	1	1	10813440
Qwen3.8-Flash-Next-APEX-I-Mini-00003-of-00006.gguf	4	blk.4.attn_qkv.weight	q5_K	2560	10240	1	1	18022400
Qwen3.8-Flash-Next-APEX-I-Mini-00003-of-00006.gguf	4	blk.4.ffn_down_exps.weight	iq4_nl	640	2560	512	1	471859200
Qwen3.8-Flash-Next-APEX-I-Mini-00003-of-00006.gguf	4	blk.4.ffn_down_shexp.weight	q8_0	640	2560	1	1	1740800
Qwen3.8-Flash-Next-APEX-I-Mini-00003-of-00006.gguf	4	blk.4.ffn_gate_exps.weight	iq2_xs	2560	640	512	1	242483200
Qwen3.8-Flash-Next-APEX-I-Mini-00003-of-00006.gguf	4	blk.4.ffn_gate_inp.weight	f32	2560	512	1	1	5242880
Qwen3.8-Flash-Next-APEX-I-Mini-00003-of-00006.gguf	4	blk.4.ffn_gate_inp_shexp.weight	f32	2560	1	1	1	10240
Qwen3.8-Flash-Next-APEX-I-Mini-00003-of-00006.gguf	4	blk.4.ffn_gate_shexp.weight	q6_K	2560	640	1	1	1344000
Qwen3.8-Flash-Next-APEX-I-Mini-00003-of-00006.gguf	4	blk.4.ffn_up_exps.weight	iq2_s	2560	640	512	1	268697600
Qwen3.8-Flash-Next-APEX-I-Mini-00003-of-00006.gguf	4	blk.4.ffn_up_shexp.weight	q6_K	2560	640	1	1	1344000
Qwen3.8-Flash-Next-APEX-I-Mini-00003-of-00006.gguf	4	blk.4.hc_attn_down.weight	q8_0	10240	320	1	1	3481600
Qwen3.8-Flash-Next-APEX-I-Mini-00003-of-00006.gguf	4	blk.4.hc_attn_inject.weight	q8_0	10240	4	1	1	43520
Qwen3.8-Flash-Next-APEX-I-Mini-00003-of-00006.gguf	4	blk.4.hc_attn_norm.weight	f32	10240	1	1	1	40960
Qwen3.8-Flash-Next-APEX-I-Mini-00003-of-00006.gguf	4	blk.4.hc_attn_up.weight	q8_0	320	10240	1	1	3481600
Qwen3.8-Flash-Next-APEX-I-Mini-00003-of-00006.gguf	4	blk.4.hc_ffn_down.weight	q8_0	10240	320	1	1	3481600
Qwen3.8-Flash-Next-APEX-I-Mini-00003-of-00006.gguf	4	blk.4.hc_ffn_inject.weight	q8_0	10240	4	1	1	43520
Qwen3.8-Flash-Next-APEX-I-Mini-00003-of-00006.gguf	4	blk.4.hc_ffn_norm.weight	f32	10240	1	1	1	40960
Qwen3.8-Flash-Next-APEX-I-Mini-00003-of-00006.gguf	4	blk.4.hc_ffn_up.weight	q8_0	320	10240	1	1	3481600
Qwen3.8-Flash-Next-APEX-I-Mini-00003-of-00006.gguf	4	blk.4.ssm_a	f32	48	1	1	1	192
Qwen3.8-Flash-Next-APEX-I-Mini-00003-of-00006.gguf	4	blk.4.ssm_alpha.weight	q6_K	2560	48	1	1	100800
Qwen3.8-Flash-Next-APEX-I-Mini-00003-of-00006.gguf	4	blk.4.ssm_beta.weight	q6_K	2560	48	1	1	100800
Qwen3.8-Flash-Next-APEX-I-Mini-00003-of-00006.gguf	4	blk.4.ssm_conv1d.weight	f32	4	10240	1	1	163840
Qwen3.8-Flash-Next-APEX-I-Mini-00003-of-00006.gguf	4	blk.4.ssm_dt.bias	f32	48	1	1	1	192
Qwen3.8-Flash-Next-APEX-I-Mini-00003-of-00006.gguf	4	blk.4.ssm_norm.weight	f32	128	1	1	1	512
Qwen3.8-Flash-Next-APEX-I-Mini-00003-of-00006.gguf	4	blk.4.ssm_out.weight	q5_K	6144	2560	1	1	10813440
Qwen3.8-Flash-Next-APEX-I-Mini-00003-of-00006.gguf	5	blk.5.attn_gate.weight	q5_K	2560	6144	1	1	10813440
Qwen3.8-Flash-Next-APEX-I-Mini-00003-of-00006.gguf	5	blk.5.attn_qkv.weight	q5_K	2560	10240	1	1	18022400
Qwen3.8-Flash-Next-APEX-I-Mini-00003-of-00006.gguf	5	blk.5.ffn_down_exps.weight	iq4_nl	640	2560	512	1	471859200
Qwen3.8-Flash-Next-APEX-I-Mini-00003-of-00006.gguf	5	blk.5.ffn_down_shexp.weight	q8_0	640	2560	1	1	1740800
Qwen3.8-Flash-Next-APEX-I-Mini-00003-of-00006.gguf	5	blk.5.ffn_gate_exps.weight	iq2_xs	2560	640	512	1	242483200
Qwen3.8-Flash-Next-APEX-I-Mini-00003-of-00006.gguf	5	blk.5.ffn_gate_inp.weight	f32	2560	512	1	1	5242880
Qwen3.8-Flash-Next-APEX-I-Mini-00003-of-00006.gguf	5	blk.5.ffn_gate_inp_shexp.weight	f32	2560	1	1	1	10240
Qwen3.8-Flash-Next-APEX-I-Mini-00003-of-00006.gguf	5	blk.5.ffn_gate_shexp.weight	q6_K	2560	640	1	1	1344000
Qwen3.8-Flash-Next-APEX-I-Mini-00003-of-00006.gguf	5	blk.5.ffn_up_exps.weight	iq2_s	2560	640	512	1	268697600
Qwen3.8-Flash-Next-APEX-I-Mini-00003-of-00006.gguf	5	blk.5.ffn_up_shexp.weight	q6_K	2560	640	1	1	1344000
Qwen3.8-Flash-Next-APEX-I-Mini-00003-of-00006.gguf	5	blk.5.hc_attn_down.weight	q8_0	10240	320	1	1	3481600
Qwen3.8-Flash-Next-APEX-I-Mini-00003-of-00006.gguf	5	blk.5.hc_attn_inject.weight	q8_0	10240	4	1	1	43520
Qwen3.8-Flash-Next-APEX-I-Mini-00003-of-00006.gguf	5	blk.5.hc_attn_norm.weight	f32	10240	1	1	1	40960
Qwen3.8-Flash-Next-APEX-I-Mini-00003-of-00006.gguf	5	blk.5.hc_attn_up.weight	q8_0	320	10240	1	1	3481600
Qwen3.8-Flash-Next-APEX-I-Mini-00003-of-00006.gguf	5	blk.5.hc_ffn_down.weight	q8_0	10240	320	1	1	3481600
Qwen3.8-Flash-Next-APEX-I-Mini-00003-of-00006.gguf	5	blk.5.hc_ffn_inject.weight	q8_0	10240	4	1	1	43520
Qwen3.8-Flash-Next-APEX-I-Mini-00003-of-00006.gguf	5	blk.5.hc_ffn_norm.weight	f32	10240	1	1	1	40960
Qwen3.8-Flash-Next-APEX-I-Mini-00003-of-00006.gguf	5	blk.5.hc_ffn_up.weight	q8_0	320	10240	1	1	3481600
Qwen3.8-Flash-Next-APEX-I-Mini-00003-of-00006.gguf	5	blk.5.ssm_a	f32	48	1	1	1	192
Qwen3.8-Flash-Next-APEX-I-Mini-00003-of-00006.gguf	5	blk.5.ssm_alpha.weight	q6_K	2560	48	1	1	100800
Qwen3.8-Flash-Next-APEX-I-Mini-00003-of-00006.gguf	5	blk.5.ssm_beta.weight	q6_K	2560	48	1	1	100800
Qwen3.8-Flash-Next-APEX-I-Mini-00003-of-00006.gguf	5	blk.5.ssm_conv1d.weight	f32	4	10240	1	1	163840
Qwen3.8-Flash-Next-APEX-I-Mini-00003-of-00006.gguf	5	blk.5.ssm_dt.bias	f32	48	1	1	1	192
Qwen3.8-Flash-Next-APEX-I-Mini-00003-of-00006.gguf	5	blk.5.ssm_norm.weight	f32	128	1	1	1	512
Qwen3.8-Flash-Next-APEX-I-Mini-00003-of-00006.gguf	5	blk.5.ssm_out.weight	q5_K	6144	2560	1	1	10813440
Qwen3.8-Flash-Next-APEX-I-Mini-00003-of-00006.gguf	6	blk.6.attn_gate.weight	q5_K	2560	6144	1	1	10813440
Qwen3.8-Flash-Next-APEX-I-Mini-00003-of-00006.gguf	6	blk.6.attn_qkv.weight	q5_K	2560	10240	1	1	18022400
Qwen3.8-Flash-Next-APEX-I-Mini-00003-of-00006.gguf	6	blk.6.ffn_down_exps.weight	iq4_nl	640	2560	512	1	471859200
Qwen3.8-Flash-Next-APEX-I-Mini-00003-of-00006.gguf	6	blk.6.ffn_down_shexp.weight	q8_0	640	2560	1	1	1740800
Qwen3.8-Flash-Next-APEX-I-Mini-00003-of-00006.gguf	6	blk.6.ffn_gate_exps.weight	iq2_xs	2560	640	512	1	242483200
Qwen3.8-Flash-Next-APEX-I-Mini-00003-of-00006.gguf	6	blk.6.ffn_gate_inp.weight	f32	2560	512	1	1	5242880
Qwen3.8-Flash-Next-APEX-I-Mini-00003-of-00006.gguf	6	blk.6.ffn_gate_inp_shexp.weight	f32	2560	1	1	1	10240
Qwen3.8-Flash-Next-APEX-I-Mini-00003-of-00006.gguf	6	blk.6.ffn_gate_shexp.weight	q6_K	2560	640	1	1	1344000
Qwen3.8-Flash-Next-APEX-I-Mini-00003-of-00006.gguf	6	blk.6.ffn_up_exps.weight	iq2_s	2560	640	512	1	268697600
Qwen3.8-Flash-Next-APEX-I-Mini-00003-of-00006.gguf	6	blk.6.ffn_up_shexp.weight	q6_K	2560	640	1	1	1344000
Qwen3.8-Flash-Next-APEX-I-Mini-00003-of-00006.gguf	6	blk.6.hc_attn_down.weight	q8_0	10240	320	1	1	3481600
Qwen3.8-Flash-Next-APEX-I-Mini-00003-of-00006.gguf	6	blk.6.hc_attn_inject.weight	q8_0	10240	4	1	1	43520
Qwen3.8-Flash-Next-APEX-I-Mini-00003-of-00006.gguf	6	blk.6.hc_attn_norm.weight	f32	10240	1	1	1	40960
Qwen3.8-Flash-Next-APEX-I-Mini-00003-of-00006.gguf	6	blk.6.hc_attn_up.weight	q8_0	320	10240	1	1	3481600
Qwen3.8-Flash-Next-APEX-I-Mini-00003-of-00006.gguf	6	blk.6.hc_ffn_down.weight	q8_0	10240	320	1	1	3481600
Qwen3.8-Flash-Next-APEX-I-Mini-00003-of-00006.gguf	6	blk.6.hc_ffn_inject.weight	q8_0	10240	4	1	1	43520
Qwen3.8-Flash-Next-APEX-I-Mini-00003-of-00006.gguf	6	blk.6.hc_ffn_norm.weight	f32	10240	1	1	1	40960
Qwen3.8-Flash-Next-APEX-I-Mini-00003-of-00006.gguf	6	blk.6.hc_ffn_up.weight	q8_0	320	10240	1	1	3481600
Qwen3.8-Flash-Next-APEX-I-Mini-00003-of-00006.gguf	6	blk.6.ssm_a	f32	48	1	1	1	192
Qwen3.8-Flash-Next-APEX-I-Mini-00003-of-00006.gguf	6	blk.6.ssm_alpha.weight	q6_K	2560	48	1	1	100800
Qwen3.8-Flash-Next-APEX-I-Mini-00003-of-00006.gguf	6	blk.6.ssm_beta.weight	q6_K	2560	48	1	1	100800
Qwen3.8-Flash-Next-APEX-I-Mini-00003-of-00006.gguf	6	blk.6.ssm_conv1d.weight	f32	4	10240	1	1	163840
Qwen3.8-Flash-Next-APEX-I-Mini-00003-of-00006.gguf	6	blk.6.ssm_dt.bias	f32	48	1	1	1	192
Qwen3.8-Flash-Next-APEX-I-Mini-00003-of-00006.gguf	6	blk.6.ssm_norm.weight	f32	128	1	1	1	512
Qwen3.8-Flash-Next-APEX-I-Mini-00003-of-00006.gguf	6	blk.6.ssm_out.weight	q5_K	6144	2560	1	1	10813440
Qwen3.8-Flash-Next-APEX-I-Mini-00003-of-00006.gguf	7	blk.7.attn_k.weight	q6_K	2560	512	1	1	1075200
Qwen3.8-Flash-Next-APEX-I-Mini-00003-of-00006.gguf	7	blk.7.attn_k_norm.weight	f32	256	1	1	1	1024
Qwen3.8-Flash-Next-APEX-I-Mini-00003-of-00006.gguf	7	blk.7.attn_output.weight	q5_K	6144	2560	1	1	10813440
Qwen3.8-Flash-Next-APEX-I-Mini-00003-of-00006.gguf	7	blk.7.attn_q.weight	q5_K	2560	12288	1	1	21626880
Qwen3.8-Flash-Next-APEX-I-Mini-00003-of-00006.gguf	7	blk.7.attn_q_norm.weight	f32	256	1	1	1	1024
Qwen3.8-Flash-Next-APEX-I-Mini-00003-of-00006.gguf	7	blk.7.attn_v.weight	q6_K	2560	512	1	1	1075200
Qwen3.8-Flash-Next-APEX-I-Mini-00003-of-00006.gguf	7	blk.7.ffn_down_exps.weight	iq4_nl	640	2560	512	1	471859200
Qwen3.8-Flash-Next-APEX-I-Mini-00003-of-00006.gguf	7	blk.7.ffn_down_shexp.weight	q8_0	640	2560	1	1	1740800
Qwen3.8-Flash-Next-APEX-I-Mini-00003-of-00006.gguf	7	blk.7.ffn_gate_exps.weight	iq2_xs	2560	640	512	1	242483200
Qwen3.8-Flash-Next-APEX-I-Mini-00003-of-00006.gguf	7	blk.7.ffn_gate_inp.weight	f32	2560	512	1	1	5242880
Qwen3.8-Flash-Next-APEX-I-Mini-00003-of-00006.gguf	7	blk.7.ffn_gate_inp_shexp.weight	f32	2560	1	1	1	10240
Qwen3.8-Flash-Next-APEX-I-Mini-00003-of-00006.gguf	7	blk.7.ffn_gate_shexp.weight	q6_K	2560	640	1	1	1344000
Qwen3.8-Flash-Next-APEX-I-Mini-00003-of-00006.gguf	7	blk.7.ffn_up_exps.weight	iq2_s	2560	640	512	1	268697600
Qwen3.8-Flash-Next-APEX-I-Mini-00003-of-00006.gguf	7	blk.7.ffn_up_shexp.weight	q6_K	2560	640	1	1	1344000
Qwen3.8-Flash-Next-APEX-I-Mini-00003-of-00006.gguf	7	blk.7.hc_attn_down.weight	q8_0	10240	320	1	1	3481600
Qwen3.8-Flash-Next-APEX-I-Mini-00003-of-00006.gguf	7	blk.7.hc_attn_inject.weight	q8_0	10240	4	1	1	43520
Qwen3.8-Flash-Next-APEX-I-Mini-00003-of-00006.gguf	7	blk.7.hc_attn_norm.weight	f32	10240	1	1	1	40960
Qwen3.8-Flash-Next-APEX-I-Mini-00003-of-00006.gguf	7	blk.7.hc_attn_up.weight	q8_0	320	10240	1	1	3481600
Qwen3.8-Flash-Next-APEX-I-Mini-00003-of-00006.gguf	7	blk.7.hc_ffn_down.weight	q8_0	10240	320	1	1	3481600
Qwen3.8-Flash-Next-APEX-I-Mini-00003-of-00006.gguf	7	blk.7.hc_ffn_inject.weight	q8_0	10240	4	1	1	43520
Qwen3.8-Flash-Next-APEX-I-Mini-00003-of-00006.gguf	7	blk.7.hc_ffn_norm.weight	f32	10240	1	1	1	40960
Qwen3.8-Flash-Next-APEX-I-Mini-00003-of-00006.gguf	7	blk.7.hc_ffn_up.weight	q8_0	320	10240	1	1	3481600
Qwen3.8-Flash-Next-APEX-I-Mini-00003-of-00006.gguf	7	blk.7.indexer.k_norm.weight	f32	128	1	1	1	512
Qwen3.8-Flash-Next-APEX-I-Mini-00003-of-00006.gguf	7	blk.7.indexer.k_proj.weight	bf16	2560	128	1	1	655360
Qwen3.8-Flash-Next-APEX-I-Mini-00003-of-00006.gguf	7	blk.7.indexer.q_norm.weight	f32	128	1	1	1	512
Qwen3.8-Flash-Next-APEX-I-Mini-00003-of-00006.gguf	7	blk.7.indexer.q_proj.weight	bf16	2560	512	1	1	2621440
Qwen3.8-Flash-Next-APEX-I-Mini-00003-of-00006.gguf	8	blk.8.attn_gate.weight	q5_K	2560	6144	1	1	10813440
Qwen3.8-Flash-Next-APEX-I-Mini-00003-of-00006.gguf	8	blk.8.attn_qkv.weight	q5_K	2560	10240	1	1	18022400
Qwen3.8-Flash-Next-APEX-I-Mini-00003-of-00006.gguf	8	blk.8.ffn_down_exps.weight	iq4_nl	640	2560	512	1	471859200
Qwen3.8-Flash-Next-APEX-I-Mini-00003-of-00006.gguf	8	blk.8.ffn_down_shexp.weight	q8_0	640	2560	1	1	1740800
Qwen3.8-Flash-Next-APEX-I-Mini-00003-of-00006.gguf	8	blk.8.ffn_gate_exps.weight	iq2_xxs	2560	640	512	1	216268800
Qwen3.8-Flash-Next-APEX-I-Mini-00003-of-00006.gguf	8	blk.8.ffn_gate_inp.weight	f32	2560	512	1	1	5242880
Qwen3.8-Flash-Next-APEX-I-Mini-00003-of-00006.gguf	8	blk.8.ffn_gate_inp_shexp.weight	f32	2560	1	1	1	10240
Qwen3.8-Flash-Next-APEX-I-Mini-00003-of-00006.gguf	8	blk.8.ffn_gate_shexp.weight	q6_K	2560	640	1	1	1344000
Qwen3.8-Flash-Next-APEX-I-Mini-00003-of-00006.gguf	8	blk.8.ffn_up_exps.weight	iq2_xs	2560	640	512	1	242483200
Qwen3.8-Flash-Next-APEX-I-Mini-00003-of-00006.gguf	8	blk.8.ffn_up_shexp.weight	q6_K	2560	640	1	1	1344000
Qwen3.8-Flash-Next-APEX-I-Mini-00003-of-00006.gguf	8	blk.8.hc_attn_down.weight	q8_0	10240	320	1	1	3481600
Qwen3.8-Flash-Next-APEX-I-Mini-00003-of-00006.gguf	8	blk.8.hc_attn_inject.weight	q8_0	10240	4	1	1	43520
Qwen3.8-Flash-Next-APEX-I-Mini-00003-of-00006.gguf	8	blk.8.hc_attn_norm.weight	f32	10240	1	1	1	40960
Qwen3.8-Flash-Next-APEX-I-Mini-00003-of-00006.gguf	8	blk.8.hc_attn_up.weight	q8_0	320	10240	1	1	3481600
Qwen3.8-Flash-Next-APEX-I-Mini-00003-of-00006.gguf	8	blk.8.hc_ffn_down.weight	q8_0	10240	320	1	1	3481600
Qwen3.8-Flash-Next-APEX-I-Mini-00003-of-00006.gguf	8	blk.8.hc_ffn_inject.weight	q8_0	10240	4	1	1	43520
Qwen3.8-Flash-Next-APEX-I-Mini-00003-of-00006.gguf	8	blk.8.hc_ffn_norm.weight	f32	10240	1	1	1	40960
Qwen3.8-Flash-Next-APEX-I-Mini-00003-of-00006.gguf	8	blk.8.hc_ffn_up.weight	q8_0	320	10240	1	1	3481600
Qwen3.8-Flash-Next-APEX-I-Mini-00003-of-00006.gguf	8	blk.8.ssm_a	f32	48	1	1	1	192
Qwen3.8-Flash-Next-APEX-I-Mini-00003-of-00006.gguf	8	blk.8.ssm_alpha.weight	q6_K	2560	48	1	1	100800
Qwen3.8-Flash-Next-APEX-I-Mini-00003-of-00006.gguf	8	blk.8.ssm_beta.weight	q6_K	2560	48	1	1	100800
Qwen3.8-Flash-Next-APEX-I-Mini-00003-of-00006.gguf	8	blk.8.ssm_conv1d.weight	f32	4	10240	1	1	163840
Qwen3.8-Flash-Next-APEX-I-Mini-00003-of-00006.gguf	8	blk.8.ssm_dt.bias	f32	48	1	1	1	192
Qwen3.8-Flash-Next-APEX-I-Mini-00003-of-00006.gguf	8	blk.8.ssm_norm.weight	f32	128	1	1	1	512
Qwen3.8-Flash-Next-APEX-I-Mini-00003-of-00006.gguf	8	blk.8.ssm_out.weight	q5_K	6144	2560	1	1	10813440
Qwen3.8-Flash-Next-APEX-I-Mini-00003-of-00006.gguf	9	blk.9.attn_gate.weight	q5_K	2560	6144	1	1	10813440
Qwen3.8-Flash-Next-APEX-I-Mini-00003-of-00006.gguf	9	blk.9.attn_qkv.weight	q5_K	2560	10240	1	1	18022400
Qwen3.8-Flash-Next-APEX-I-Mini-00003-of-00006.gguf	9	blk.9.ffn_down_exps.weight	iq4_nl	640	2560	512	1	471859200
Qwen3.8-Flash-Next-APEX-I-Mini-00003-of-00006.gguf	9	blk.9.ffn_down_shexp.weight	q8_0	640	2560	1	1	1740800
Qwen3.8-Flash-Next-APEX-I-Mini-00003-of-00006.gguf	9	blk.9.ffn_gate_exps.weight	iq2_xxs	2560	640	512	1	216268800
Qwen3.8-Flash-Next-APEX-I-Mini-00003-of-00006.gguf	9	blk.9.ffn_gate_inp.weight	f32	2560	512	1	1	5242880
Qwen3.8-Flash-Next-APEX-I-Mini-00003-of-00006.gguf	9	blk.9.ffn_gate_inp_shexp.weight	f32	2560	1	1	1	10240
Qwen3.8-Flash-Next-APEX-I-Mini-00003-of-00006.gguf	9	blk.9.ffn_gate_shexp.weight	q6_K	2560	640	1	1	1344000
Qwen3.8-Flash-Next-APEX-I-Mini-00003-of-00006.gguf	9	blk.9.ffn_up_exps.weight	iq2_xs	2560	640	512	1	242483200
Qwen3.8-Flash-Next-APEX-I-Mini-00003-of-00006.gguf	9	blk.9.ffn_up_shexp.weight	q6_K	2560	640	1	1	1344000
Qwen3.8-Flash-Next-APEX-I-Mini-00003-of-00006.gguf	9	blk.9.hc_attn_down.weight	q8_0	10240	320	1	1	3481600
Qwen3.8-Flash-Next-APEX-I-Mini-00003-of-00006.gguf	9	blk.9.hc_attn_inject.weight	q8_0	10240	4	1	1	43520
Qwen3.8-Flash-Next-APEX-I-Mini-00003-of-00006.gguf	9	blk.9.hc_attn_norm.weight	f32	10240	1	1	1	40960
Qwen3.8-Flash-Next-APEX-I-Mini-00003-of-00006.gguf	9	blk.9.hc_attn_up.weight	q8_0	320	10240	1	1	3481600
Qwen3.8-Flash-Next-APEX-I-Mini-00003-of-00006.gguf	9	blk.9.hc_ffn_down.weight	q8_0	10240	320	1	1	3481600
Qwen3.8-Flash-Next-APEX-I-Mini-00003-of-00006.gguf	9	blk.9.hc_ffn_inject.weight	q8_0	10240	4	1	1	43520
Qwen3.8-Flash-Next-APEX-I-Mini-00003-of-00006.gguf	9	blk.9.hc_ffn_norm.weight	f32	10240	1	1	1	40960
Qwen3.8-Flash-Next-APEX-I-Mini-00003-of-00006.gguf	9	blk.9.hc_ffn_up.weight	q8_0	320	10240	1	1	3481600
Qwen3.8-Flash-Next-APEX-I-Mini-00003-of-00006.gguf	9	blk.9.ssm_a	f32	48	1	1	1	192
Qwen3.8-Flash-Next-APEX-I-Mini-00003-of-00006.gguf	9	blk.9.ssm_alpha.weight	q6_K	2560	48	1	1	100800
Qwen3.8-Flash-Next-APEX-I-Mini-00003-of-00006.gguf	9	blk.9.ssm_beta.weight	q6_K	2560	48	1	1	100800
Qwen3.8-Flash-Next-APEX-I-Mini-00003-of-00006.gguf	9	blk.9.ssm_conv1d.weight	f32	4	10240	1	1	163840
Qwen3.8-Flash-Next-APEX-I-Mini-00003-of-00006.gguf	9	blk.9.ssm_dt.bias	f32	48	1	1	1	192
Qwen3.8-Flash-Next-APEX-I-Mini-00003-of-00006.gguf	9	blk.9.ssm_norm.weight	f32	128	1	1	1	512
Qwen3.8-Flash-Next-APEX-I-Mini-00003-of-00006.gguf	9	blk.9.ssm_out.weight	q5_K	6144	2560	1	1	10813440
Qwen3.8-Flash-Next-APEX-I-Mini-00003-of-00006.gguf	10	blk.10.attn_gate.weight	q5_K	2560	6144	1	1	10813440
Qwen3.8-Flash-Next-APEX-I-Mini-00003-of-00006.gguf	10	blk.10.attn_qkv.weight	q5_K	2560	10240	1	1	18022400
Qwen3.8-Flash-Next-APEX-I-Mini-00003-of-00006.gguf	10	blk.10.ffn_down_exps.weight	iq4_nl	640	2560	512	1	471859200
Qwen3.8-Flash-Next-APEX-I-Mini-00003-of-00006.gguf	10	blk.10.ffn_down_shexp.weight	q8_0	640	2560	1	1	1740800
Qwen3.8-Flash-Next-APEX-I-Mini-00003-of-00006.gguf	10	blk.10.ffn_gate_exps.weight	iq2_xxs	2560	640	512	1	216268800
Qwen3.8-Flash-Next-APEX-I-Mini-00003-of-00006.gguf	10	blk.10.ffn_gate_inp.weight	f32	2560	512	1	1	5242880
Qwen3.8-Flash-Next-APEX-I-Mini-00003-of-00006.gguf	10	blk.10.ffn_gate_inp_shexp.weight	f32	2560	1	1	1	10240
Qwen3.8-Flash-Next-APEX-I-Mini-00003-of-00006.gguf	10	blk.10.ffn_gate_shexp.weight	q6_K	2560	640	1	1	1344000
Qwen3.8-Flash-Next-APEX-I-Mini-00003-of-00006.gguf	10	blk.10.ffn_up_exps.weight	iq2_xs	2560	640	512	1	242483200
Qwen3.8-Flash-Next-APEX-I-Mini-00003-of-00006.gguf	10	blk.10.ffn_up_shexp.weight	q6_K	2560	640	1	1	1344000
Qwen3.8-Flash-Next-APEX-I-Mini-00003-of-00006.gguf	10	blk.10.hc_attn_down.weight	q8_0	10240	320	1	1	3481600
Qwen3.8-Flash-Next-APEX-I-Mini-00003-of-00006.gguf	10	blk.10.hc_attn_inject.weight	q8_0	10240	4	1	1	43520
Qwen3.8-Flash-Next-APEX-I-Mini-00003-of-00006.gguf	10	blk.10.hc_attn_norm.weight	f32	10240	1	1	1	40960
Qwen3.8-Flash-Next-APEX-I-Mini-00003-of-00006.gguf	10	blk.10.hc_attn_up.weight	q8_0	320	10240	1	1	3481600
Qwen3.8-Flash-Next-APEX-I-Mini-00003-of-00006.gguf	10	blk.10.hc_ffn_down.weight	q8_0	10240	320	1	1	3481600
Qwen3.8-Flash-Next-APEX-I-Mini-00003-of-00006.gguf	10	blk.10.hc_ffn_inject.weight	q8_0	10240	4	1	1	43520
Qwen3.8-Flash-Next-APEX-I-Mini-00003-of-00006.gguf	10	blk.10.hc_ffn_norm.weight	f32	10240	1	1	1	40960
Qwen3.8-Flash-Next-APEX-I-Mini-00003-of-00006.gguf	10	blk.10.hc_ffn_up.weight	q8_0	320	10240	1	1	3481600
Qwen3.8-Flash-Next-APEX-I-Mini-00003-of-00006.gguf	10	blk.10.ssm_a	f32	48	1	1	1	192
Qwen3.8-Flash-Next-APEX-I-Mini-00003-of-00006.gguf	10	blk.10.ssm_alpha.weight	q6_K	2560	48	1	1	100800
Qwen3.8-Flash-Next-APEX-I-Mini-00003-of-00006.gguf	10	blk.10.ssm_beta.weight	q6_K	2560	48	1	1	100800
Qwen3.8-Flash-Next-APEX-I-Mini-00003-of-00006.gguf	10	blk.10.ssm_conv1d.weight	f32	4	10240	1	1	163840
Qwen3.8-Flash-Next-APEX-I-Mini-00003-of-00006.gguf	10	blk.10.ssm_dt.bias	f32	48	1	1	1	192
Qwen3.8-Flash-Next-APEX-I-Mini-00003-of-00006.gguf	10	blk.10.ssm_norm.weight	f32	128	1	1	1	512
Qwen3.8-Flash-Next-APEX-I-Mini-00003-of-00006.gguf	10	blk.10.ssm_out.weight	q5_K	6144	2560	1	1	10813440
Qwen3.8-Flash-Next-APEX-I-Mini-00003-of-00006.gguf	11	blk.11.attn_k.weight	q6_K	2560	512	1	1	1075200
Qwen3.8-Flash-Next-APEX-I-Mini-00003-of-00006.gguf	11	blk.11.attn_k_norm.weight	f32	256	1	1	1	1024
Qwen3.8-Flash-Next-APEX-I-Mini-00003-of-00006.gguf	11	blk.11.attn_output.weight	q5_K	6144	2560	1	1	10813440
Qwen3.8-Flash-Next-APEX-I-Mini-00003-of-00006.gguf	11	blk.11.attn_q.weight	q5_K	2560	12288	1	1	21626880
Qwen3.8-Flash-Next-APEX-I-Mini-00003-of-00006.gguf	11	blk.11.attn_q_norm.weight	f32	256	1	1	1	1024
Qwen3.8-Flash-Next-APEX-I-Mini-00003-of-00006.gguf	11	blk.11.attn_v.weight	q6_K	2560	512	1	1	1075200
Qwen3.8-Flash-Next-APEX-I-Mini-00003-of-00006.gguf	11	blk.11.ffn_down_exps.weight	iq4_nl	640	2560	512	1	471859200
Qwen3.8-Flash-Next-APEX-I-Mini-00003-of-00006.gguf	11	blk.11.ffn_down_shexp.weight	q8_0	640	2560	1	1	1740800
Qwen3.8-Flash-Next-APEX-I-Mini-00003-of-00006.gguf	11	blk.11.ffn_gate_exps.weight	iq2_xxs	2560	640	512	1	216268800
Qwen3.8-Flash-Next-APEX-I-Mini-00003-of-00006.gguf	11	blk.11.ffn_gate_inp.weight	f32	2560	512	1	1	5242880
Qwen3.8-Flash-Next-APEX-I-Mini-00003-of-00006.gguf	11	blk.11.ffn_gate_inp_shexp.weight	f32	2560	1	1	1	10240
Qwen3.8-Flash-Next-APEX-I-Mini-00003-of-00006.gguf	11	blk.11.ffn_gate_shexp.weight	q6_K	2560	640	1	1	1344000
Qwen3.8-Flash-Next-APEX-I-Mini-00003-of-00006.gguf	11	blk.11.ffn_up_exps.weight	iq2_xs	2560	640	512	1	242483200
Qwen3.8-Flash-Next-APEX-I-Mini-00003-of-00006.gguf	11	blk.11.ffn_up_shexp.weight	q6_K	2560	640	1	1	1344000
Qwen3.8-Flash-Next-APEX-I-Mini-00003-of-00006.gguf	11	blk.11.hc_attn_down.weight	q8_0	10240	320	1	1	3481600
Qwen3.8-Flash-Next-APEX-I-Mini-00003-of-00006.gguf	11	blk.11.hc_attn_inject.weight	q8_0	10240	4	1	1	43520
Qwen3.8-Flash-Next-APEX-I-Mini-00003-of-00006.gguf	11	blk.11.hc_attn_norm.weight	f32	10240	1	1	1	40960
Qwen3.8-Flash-Next-APEX-I-Mini-00003-of-00006.gguf	11	blk.11.hc_attn_up.weight	q8_0	320	10240	1	1	3481600
Qwen3.8-Flash-Next-APEX-I-Mini-00003-of-00006.gguf	11	blk.11.hc_ffn_down.weight	q8_0	10240	320	1	1	3481600
Qwen3.8-Flash-Next-APEX-I-Mini-00003-of-00006.gguf	11	blk.11.hc_ffn_inject.weight	q8_0	10240	4	1	1	43520
Qwen3.8-Flash-Next-APEX-I-Mini-00003-of-00006.gguf	11	blk.11.hc_ffn_norm.weight	f32	10240	1	1	1	40960
Qwen3.8-Flash-Next-APEX-I-Mini-00003-of-00006.gguf	11	blk.11.hc_ffn_up.weight	q8_0	320	10240	1	1	3481600
Qwen3.8-Flash-Next-APEX-I-Mini-00003-of-00006.gguf	11	blk.11.indexer.k_norm.weight	f32	128	1	1	1	512
Qwen3.8-Flash-Next-APEX-I-Mini-00003-of-00006.gguf	11	blk.11.indexer.k_proj.weight	bf16	2560	128	1	1	655360
Qwen3.8-Flash-Next-APEX-I-Mini-00003-of-00006.gguf	11	blk.11.indexer.q_norm.weight	f32	128	1	1	1	512
Qwen3.8-Flash-Next-APEX-I-Mini-00003-of-00006.gguf	11	blk.11.indexer.q_proj.weight	bf16	2560	512	1	1	2621440
Qwen3.8-Flash-Next-APEX-I-Mini-00003-of-00006.gguf	12	blk.12.attn_gate.weight	q5_K	2560	6144	1	1	10813440
Qwen3.8-Flash-Next-APEX-I-Mini-00003-of-00006.gguf	12	blk.12.attn_qkv.weight	q5_K	2560	10240	1	1	18022400
Qwen3.8-Flash-Next-APEX-I-Mini-00003-of-00006.gguf	12	blk.12.ffn_down_exps.weight	iq4_nl	640	2560	512	1	471859200
Qwen3.8-Flash-Next-APEX-I-Mini-00003-of-00006.gguf	12	blk.12.ffn_down_shexp.weight	q8_0	640	2560	1	1	1740800
Qwen3.8-Flash-Next-APEX-I-Mini-00003-of-00006.gguf	12	blk.12.ffn_gate_exps.weight	iq2_xxs	2560	640	512	1	216268800
Qwen3.8-Flash-Next-APEX-I-Mini-00003-of-00006.gguf	12	blk.12.ffn_gate_inp.weight	f32	2560	512	1	1	5242880
Qwen3.8-Flash-Next-APEX-I-Mini-00003-of-00006.gguf	12	blk.12.ffn_gate_inp_shexp.weight	f32	2560	1	1	1	10240
Qwen3.8-Flash-Next-APEX-I-Mini-00003-of-00006.gguf	12	blk.12.ffn_gate_shexp.weight	q6_K	2560	640	1	1	1344000
Qwen3.8-Flash-Next-APEX-I-Mini-00003-of-00006.gguf	12	blk.12.ffn_up_exps.weight	iq2_xs	2560	640	512	1	242483200
Qwen3.8-Flash-Next-APEX-I-Mini-00003-of-00006.gguf	12	blk.12.ffn_up_shexp.weight	q6_K	2560	640	1	1	1344000
Qwen3.8-Flash-Next-APEX-I-Mini-00003-of-00006.gguf	12	blk.12.hc_attn_down.weight	q8_0	10240	320	1	1	3481600
Qwen3.8-Flash-Next-APEX-I-Mini-00003-of-00006.gguf	12	blk.12.hc_attn_inject.weight	q8_0	10240	4	1	1	43520
Qwen3.8-Flash-Next-APEX-I-Mini-00003-of-00006.gguf	12	blk.12.hc_attn_norm.weight	f32	10240	1	1	1	40960
Qwen3.8-Flash-Next-APEX-I-Mini-00003-of-00006.gguf	12	blk.12.hc_attn_up.weight	q8_0	320	10240	1	1	3481600
Qwen3.8-Flash-Next-APEX-I-Mini-00003-of-00006.gguf	12	blk.12.hc_ffn_down.weight	q8_0	10240	320	1	1	3481600
Qwen3.8-Flash-Next-APEX-I-Mini-00003-of-00006.gguf	12	blk.12.hc_ffn_inject.weight	q8_0	10240	4	1	1	43520
Qwen3.8-Flash-Next-APEX-I-Mini-00003-of-00006.gguf	12	blk.12.hc_ffn_norm.weight	f32	10240	1	1	1	40960
Qwen3.8-Flash-Next-APEX-I-Mini-00003-of-00006.gguf	12	blk.12.hc_ffn_up.weight	q8_0	320	10240	1	1	3481600
Qwen3.8-Flash-Next-APEX-I-Mini-00003-of-00006.gguf	12	blk.12.ssm_a	f32	48	1	1	1	192
Qwen3.8-Flash-Next-APEX-I-Mini-00003-of-00006.gguf	12	blk.12.ssm_alpha.weight	q6_K	2560	48	1	1	100800
Qwen3.8-Flash-Next-APEX-I-Mini-00003-of-00006.gguf	12	blk.12.ssm_beta.weight	q6_K	2560	48	1	1	100800
Qwen3.8-Flash-Next-APEX-I-Mini-00003-of-00006.gguf	12	blk.12.ssm_conv1d.weight	f32	4	10240	1	1	163840
Qwen3.8-Flash-Next-APEX-I-Mini-00003-of-00006.gguf	12	blk.12.ssm_dt.bias	f32	48	1	1	1	192
Qwen3.8-Flash-Next-APEX-I-Mini-00003-of-00006.gguf	12	blk.12.ssm_norm.weight	f32	128	1	1	1	512
Qwen3.8-Flash-Next-APEX-I-Mini-00003-of-00006.gguf	12	blk.12.ssm_out.weight	q5_K	6144	2560	1	1	10813440
Qwen3.8-Flash-Next-APEX-I-Mini-00003-of-00006.gguf	13	blk.13.attn_gate.weight	q5_K	2560	6144	1	1	10813440
Qwen3.8-Flash-Next-APEX-I-Mini-00003-of-00006.gguf	13	blk.13.attn_qkv.weight	q5_K	2560	10240	1	1	18022400
Qwen3.8-Flash-Next-APEX-I-Mini-00003-of-00006.gguf	13	blk.13.ffn_down_exps.weight	iq4_nl	640	2560	512	1	471859200
Qwen3.8-Flash-Next-APEX-I-Mini-00003-of-00006.gguf	13	blk.13.ffn_down_shexp.weight	q8_0	640	2560	1	1	1740800
Qwen3.8-Flash-Next-APEX-I-Mini-00003-of-00006.gguf	13	blk.13.ffn_gate_exps.weight	iq2_xxs	2560	640	512	1	216268800
Qwen3.8-Flash-Next-APEX-I-Mini-00003-of-00006.gguf	13	blk.13.ffn_gate_inp.weight	f32	2560	512	1	1	5242880
Qwen3.8-Flash-Next-APEX-I-Mini-00003-of-00006.gguf	13	blk.13.ffn_gate_inp_shexp.weight	f32	2560	1	1	1	10240
Qwen3.8-Flash-Next-APEX-I-Mini-00003-of-00006.gguf	13	blk.13.ffn_gate_shexp.weight	q6_K	2560	640	1	1	1344000
Qwen3.8-Flash-Next-APEX-I-Mini-00004-of-00006.gguf	13	blk.13.ffn_up_exps.weight	iq2_xs	2560	640	512	1	242483200
Qwen3.8-Flash-Next-APEX-I-Mini-00004-of-00006.gguf	13	blk.13.ffn_up_shexp.weight	q6_K	2560	640	1	1	1344000
Qwen3.8-Flash-Next-APEX-I-Mini-00004-of-00006.gguf	13	blk.13.hc_attn_down.weight	q8_0	10240	320	1	1	3481600
Qwen3.8-Flash-Next-APEX-I-Mini-00004-of-00006.gguf	13	blk.13.hc_attn_inject.weight	q8_0	10240	4	1	1	43520
Qwen3.8-Flash-Next-APEX-I-Mini-00004-of-00006.gguf	13	blk.13.hc_attn_norm.weight	f32	10240	1	1	1	40960
Qwen3.8-Flash-Next-APEX-I-Mini-00004-of-00006.gguf	13	blk.13.hc_attn_up.weight	q8_0	320	10240	1	1	3481600
Qwen3.8-Flash-Next-APEX-I-Mini-00004-of-00006.gguf	13	blk.13.hc_ffn_down.weight	q8_0	10240	320	1	1	3481600
Qwen3.8-Flash-Next-APEX-I-Mini-00004-of-00006.gguf	13	blk.13.hc_ffn_inject.weight	q8_0	10240	4	1	1	43520
Qwen3.8-Flash-Next-APEX-I-Mini-00004-of-00006.gguf	13	blk.13.hc_ffn_norm.weight	f32	10240	1	1	1	40960
Qwen3.8-Flash-Next-APEX-I-Mini-00004-of-00006.gguf	13	blk.13.hc_ffn_up.weight	q8_0	320	10240	1	1	3481600
Qwen3.8-Flash-Next-APEX-I-Mini-00004-of-00006.gguf	13	blk.13.ssm_a	f32	48	1	1	1	192
Qwen3.8-Flash-Next-APEX-I-Mini-00004-of-00006.gguf	13	blk.13.ssm_alpha.weight	q6_K	2560	48	1	1	100800
Qwen3.8-Flash-Next-APEX-I-Mini-00004-of-00006.gguf	13	blk.13.ssm_beta.weight	q6_K	2560	48	1	1	100800
Qwen3.8-Flash-Next-APEX-I-Mini-00004-of-00006.gguf	13	blk.13.ssm_conv1d.weight	f32	4	10240	1	1	163840
Qwen3.8-Flash-Next-APEX-I-Mini-00004-of-00006.gguf	13	blk.13.ssm_dt.bias	f32	48	1	1	1	192
Qwen3.8-Flash-Next-APEX-I-Mini-00004-of-00006.gguf	13	blk.13.ssm_norm.weight	f32	128	1	1	1	512
Qwen3.8-Flash-Next-APEX-I-Mini-00004-of-00006.gguf	13	blk.13.ssm_out.weight	q5_K	6144	2560	1	1	10813440
Qwen3.8-Flash-Next-APEX-I-Mini-00004-of-00006.gguf	14	blk.14.attn_gate.weight	q5_K	2560	6144	1	1	10813440
Qwen3.8-Flash-Next-APEX-I-Mini-00004-of-00006.gguf	14	blk.14.attn_qkv.weight	q5_K	2560	10240	1	1	18022400
Qwen3.8-Flash-Next-APEX-I-Mini-00004-of-00006.gguf	14	blk.14.ffn_down_exps.weight	iq4_nl	640	2560	512	1	471859200
Qwen3.8-Flash-Next-APEX-I-Mini-00004-of-00006.gguf	14	blk.14.ffn_down_shexp.weight	q8_0	640	2560	1	1	1740800
Qwen3.8-Flash-Next-APEX-I-Mini-00004-of-00006.gguf	14	blk.14.ffn_gate_exps.weight	iq2_xxs	2560	640	512	1	216268800
Qwen3.8-Flash-Next-APEX-I-Mini-00004-of-00006.gguf	14	blk.14.ffn_gate_inp.weight	f32	2560	512	1	1	5242880
Qwen3.8-Flash-Next-APEX-I-Mini-00004-of-00006.gguf	14	blk.14.ffn_gate_inp_shexp.weight	f32	2560	1	1	1	10240
Qwen3.8-Flash-Next-APEX-I-Mini-00004-of-00006.gguf	14	blk.14.ffn_gate_shexp.weight	q6_K	2560	640	1	1	1344000
Qwen3.8-Flash-Next-APEX-I-Mini-00004-of-00006.gguf	14	blk.14.ffn_up_exps.weight	iq2_xs	2560	640	512	1	242483200
Qwen3.8-Flash-Next-APEX-I-Mini-00004-of-00006.gguf	14	blk.14.ffn_up_shexp.weight	q6_K	2560	640	1	1	1344000
Qwen3.8-Flash-Next-APEX-I-Mini-00004-of-00006.gguf	14	blk.14.hc_attn_down.weight	q8_0	10240	320	1	1	3481600
Qwen3.8-Flash-Next-APEX-I-Mini-00004-of-00006.gguf	14	blk.14.hc_attn_inject.weight	q8_0	10240	4	1	1	43520
Qwen3.8-Flash-Next-APEX-I-Mini-00004-of-00006.gguf	14	blk.14.hc_attn_norm.weight	f32	10240	1	1	1	40960
Qwen3.8-Flash-Next-APEX-I-Mini-00004-of-00006.gguf	14	blk.14.hc_attn_up.weight	q8_0	320	10240	1	1	3481600
Qwen3.8-Flash-Next-APEX-I-Mini-00004-of-00006.gguf	14	blk.14.hc_ffn_down.weight	q8_0	10240	320	1	1	3481600
Qwen3.8-Flash-Next-APEX-I-Mini-00004-of-00006.gguf	14	blk.14.hc_ffn_inject.weight	q8_0	10240	4	1	1	43520
Qwen3.8-Flash-Next-APEX-I-Mini-00004-of-00006.gguf	14	blk.14.hc_ffn_norm.weight	f32	10240	1	1	1	40960
Qwen3.8-Flash-Next-APEX-I-Mini-00004-of-00006.gguf	14	blk.14.hc_ffn_up.weight	q8_0	320	10240	1	1	3481600
Qwen3.8-Flash-Next-APEX-I-Mini-00004-of-00006.gguf	14	blk.14.ssm_a	f32	48	1	1	1	192
Qwen3.8-Flash-Next-APEX-I-Mini-00004-of-00006.gguf	14	blk.14.ssm_alpha.weight	q6_K	2560	48	1	1	100800
Qwen3.8-Flash-Next-APEX-I-Mini-00004-of-00006.gguf	14	blk.14.ssm_beta.weight	q6_K	2560	48	1	1	100800
Qwen3.8-Flash-Next-APEX-I-Mini-00004-of-00006.gguf	14	blk.14.ssm_conv1d.weight	f32	4	10240	1	1	163840
Qwen3.8-Flash-Next-APEX-I-Mini-00004-of-00006.gguf	14	blk.14.ssm_dt.bias	f32	48	1	1	1	192
Qwen3.8-Flash-Next-APEX-I-Mini-00004-of-00006.gguf	14	blk.14.ssm_norm.weight	f32	128	1	1	1	512
Qwen3.8-Flash-Next-APEX-I-Mini-00004-of-00006.gguf	14	blk.14.ssm_out.weight	q5_K	6144	2560	1	1	10813440
Qwen3.8-Flash-Next-APEX-I-Mini-00004-of-00006.gguf	15	blk.15.attn_k.weight	q6_K	2560	512	1	1	1075200
Qwen3.8-Flash-Next-APEX-I-Mini-00004-of-00006.gguf	15	blk.15.attn_k_norm.weight	f32	256	1	1	1	1024
Qwen3.8-Flash-Next-APEX-I-Mini-00004-of-00006.gguf	15	blk.15.attn_output.weight	q5_K	6144	2560	1	1	10813440
Qwen3.8-Flash-Next-APEX-I-Mini-00004-of-00006.gguf	15	blk.15.attn_q.weight	q5_K	2560	12288	1	1	21626880
Qwen3.8-Flash-Next-APEX-I-Mini-00004-of-00006.gguf	15	blk.15.attn_q_norm.weight	f32	256	1	1	1	1024
Qwen3.8-Flash-Next-APEX-I-Mini-00004-of-00006.gguf	15	blk.15.attn_v.weight	q6_K	2560	512	1	1	1075200
Qwen3.8-Flash-Next-APEX-I-Mini-00004-of-00006.gguf	15	blk.15.ffn_down_exps.weight	iq4_nl	640	2560	512	1	471859200
Qwen3.8-Flash-Next-APEX-I-Mini-00004-of-00006.gguf	15	blk.15.ffn_down_shexp.weight	q8_0	640	2560	1	1	1740800
Qwen3.8-Flash-Next-APEX-I-Mini-00004-of-00006.gguf	15	blk.15.ffn_gate_exps.weight	iq2_xxs	2560	640	512	1	216268800
Qwen3.8-Flash-Next-APEX-I-Mini-00004-of-00006.gguf	15	blk.15.ffn_gate_inp.weight	f32	2560	512	1	1	5242880
Qwen3.8-Flash-Next-APEX-I-Mini-00004-of-00006.gguf	15	blk.15.ffn_gate_inp_shexp.weight	f32	2560	1	1	1	10240
Qwen3.8-Flash-Next-APEX-I-Mini-00004-of-00006.gguf	15	blk.15.ffn_gate_shexp.weight	q6_K	2560	640	1	1	1344000
Qwen3.8-Flash-Next-APEX-I-Mini-00004-of-00006.gguf	15	blk.15.ffn_up_exps.weight	iq2_xs	2560	640	512	1	242483200
Qwen3.8-Flash-Next-APEX-I-Mini-00004-of-00006.gguf	15	blk.15.ffn_up_shexp.weight	q6_K	2560	640	1	1	1344000
Qwen3.8-Flash-Next-APEX-I-Mini-00004-of-00006.gguf	15	blk.15.hc_attn_down.weight	q8_0	10240	320	1	1	3481600
Qwen3.8-Flash-Next-APEX-I-Mini-00004-of-00006.gguf	15	blk.15.hc_attn_inject.weight	q8_0	10240	4	1	1	43520
Qwen3.8-Flash-Next-APEX-I-Mini-00004-of-00006.gguf	15	blk.15.hc_attn_norm.weight	f32	10240	1	1	1	40960
Qwen3.8-Flash-Next-APEX-I-Mini-00004-of-00006.gguf	15	blk.15.hc_attn_up.weight	q8_0	320	10240	1	1	3481600
Qwen3.8-Flash-Next-APEX-I-Mini-00004-of-00006.gguf	15	blk.15.hc_ffn_down.weight	q8_0	10240	320	1	1	3481600
Qwen3.8-Flash-Next-APEX-I-Mini-00004-of-00006.gguf	15	blk.15.hc_ffn_inject.weight	q8_0	10240	4	1	1	43520
Qwen3.8-Flash-Next-APEX-I-Mini-00004-of-00006.gguf	15	blk.15.hc_ffn_norm.weight	f32	10240	1	1	1	40960
Qwen3.8-Flash-Next-APEX-I-Mini-00004-of-00006.gguf	15	blk.15.hc_ffn_up.weight	q8_0	320	10240	1	1	3481600
Qwen3.8-Flash-Next-APEX-I-Mini-00004-of-00006.gguf	15	blk.15.indexer.k_norm.weight	f32	128	1	1	1	512
Qwen3.8-Flash-Next-APEX-I-Mini-00004-of-00006.gguf	15	blk.15.indexer.k_proj.weight	bf16	2560	128	1	1	655360
Qwen3.8-Flash-Next-APEX-I-Mini-00004-of-00006.gguf	15	blk.15.indexer.q_norm.weight	f32	128	1	1	1	512
Qwen3.8-Flash-Next-APEX-I-Mini-00004-of-00006.gguf	15	blk.15.indexer.q_proj.weight	bf16	2560	512	1	1	2621440
Qwen3.8-Flash-Next-APEX-I-Mini-00004-of-00006.gguf	16	blk.16.attn_gate.weight	q5_K	2560	6144	1	1	10813440
Qwen3.8-Flash-Next-APEX-I-Mini-00004-of-00006.gguf	16	blk.16.attn_qkv.weight	q5_K	2560	10240	1	1	18022400
Qwen3.8-Flash-Next-APEX-I-Mini-00004-of-00006.gguf	16	blk.16.ffn_down_exps.weight	iq4_nl	640	2560	512	1	471859200
Qwen3.8-Flash-Next-APEX-I-Mini-00004-of-00006.gguf	16	blk.16.ffn_down_shexp.weight	q8_0	640	2560	1	1	1740800
Qwen3.8-Flash-Next-APEX-I-Mini-00004-of-00006.gguf	16	blk.16.ffn_gate_exps.weight	iq2_xxs	2560	640	512	1	216268800
Qwen3.8-Flash-Next-APEX-I-Mini-00004-of-00006.gguf	16	blk.16.ffn_gate_inp.weight	f32	2560	512	1	1	5242880
Qwen3.8-Flash-Next-APEX-I-Mini-00004-of-00006.gguf	16	blk.16.ffn_gate_inp_shexp.weight	f32	2560	1	1	1	10240
Qwen3.8-Flash-Next-APEX-I-Mini-00004-of-00006.gguf	16	blk.16.ffn_gate_shexp.weight	q6_K	2560	640	1	1	1344000
Qwen3.8-Flash-Next-APEX-I-Mini-00004-of-00006.gguf	16	blk.16.ffn_up_exps.weight	iq2_xs	2560	640	512	1	242483200
Qwen3.8-Flash-Next-APEX-I-Mini-00004-of-00006.gguf	16	blk.16.ffn_up_shexp.weight	q6_K	2560	640	1	1	1344000
Qwen3.8-Flash-Next-APEX-I-Mini-00004-of-00006.gguf	16	blk.16.hc_attn_down.weight	q8_0	10240	320	1	1	3481600
Qwen3.8-Flash-Next-APEX-I-Mini-00004-of-00006.gguf	16	blk.16.hc_attn_inject.weight	q8_0	10240	4	1	1	43520
Qwen3.8-Flash-Next-APEX-I-Mini-00004-of-00006.gguf	16	blk.16.hc_attn_norm.weight	f32	10240	1	1	1	40960
Qwen3.8-Flash-Next-APEX-I-Mini-00004-of-00006.gguf	16	blk.16.hc_attn_up.weight	q8_0	320	10240	1	1	3481600
Qwen3.8-Flash-Next-APEX-I-Mini-00004-of-00006.gguf	16	blk.16.hc_ffn_down.weight	q8_0	10240	320	1	1	3481600
Qwen3.8-Flash-Next-APEX-I-Mini-00004-of-00006.gguf	16	blk.16.hc_ffn_inject.weight	q8_0	10240	4	1	1	43520
Qwen3.8-Flash-Next-APEX-I-Mini-00004-of-00006.gguf	16	blk.16.hc_ffn_norm.weight	f32	10240	1	1	1	40960
Qwen3.8-Flash-Next-APEX-I-Mini-00004-of-00006.gguf	16	blk.16.hc_ffn_up.weight	q8_0	320	10240	1	1	3481600
Qwen3.8-Flash-Next-APEX-I-Mini-00004-of-00006.gguf	16	blk.16.ssm_a	f32	48	1	1	1	192
Qwen3.8-Flash-Next-APEX-I-Mini-00004-of-00006.gguf	16	blk.16.ssm_alpha.weight	q6_K	2560	48	1	1	100800
Qwen3.8-Flash-Next-APEX-I-Mini-00004-of-00006.gguf	16	blk.16.ssm_beta.weight	q6_K	2560	48	1	1	100800
Qwen3.8-Flash-Next-APEX-I-Mini-00004-of-00006.gguf	16	blk.16.ssm_conv1d.weight	f32	4	10240	1	1	163840
Qwen3.8-Flash-Next-APEX-I-Mini-00004-of-00006.gguf	16	blk.16.ssm_dt.bias	f32	48	1	1	1	192
Qwen3.8-Flash-Next-APEX-I-Mini-00004-of-00006.gguf	16	blk.16.ssm_norm.weight	f32	128	1	1	1	512
Qwen3.8-Flash-Next-APEX-I-Mini-00004-of-00006.gguf	16	blk.16.ssm_out.weight	q5_K	6144	2560	1	1	10813440
Qwen3.8-Flash-Next-APEX-I-Mini-00004-of-00006.gguf	17	blk.17.attn_gate.weight	q5_K	2560	6144	1	1	10813440
Qwen3.8-Flash-Next-APEX-I-Mini-00004-of-00006.gguf	17	blk.17.attn_qkv.weight	q5_K	2560	10240	1	1	18022400
Qwen3.8-Flash-Next-APEX-I-Mini-00004-of-00006.gguf	17	blk.17.ffn_down_exps.weight	iq4_nl	640	2560	512	1	471859200
Qwen3.8-Flash-Next-APEX-I-Mini-00004-of-00006.gguf	17	blk.17.ffn_down_shexp.weight	q8_0	640	2560	1	1	1740800
Qwen3.8-Flash-Next-APEX-I-Mini-00004-of-00006.gguf	17	blk.17.ffn_gate_exps.weight	iq2_xxs	2560	640	512	1	216268800
Qwen3.8-Flash-Next-APEX-I-Mini-00004-of-00006.gguf	17	blk.17.ffn_gate_inp.weight	f32	2560	512	1	1	5242880
Qwen3.8-Flash-Next-APEX-I-Mini-00004-of-00006.gguf	17	blk.17.ffn_gate_inp_shexp.weight	f32	2560	1	1	1	10240
Qwen3.8-Flash-Next-APEX-I-Mini-00004-of-00006.gguf	17	blk.17.ffn_gate_shexp.weight	q6_K	2560	640	1	1	1344000
Qwen3.8-Flash-Next-APEX-I-Mini-00004-of-00006.gguf	17	blk.17.ffn_up_exps.weight	iq2_xs	2560	640	512	1	242483200
Qwen3.8-Flash-Next-APEX-I-Mini-00004-of-00006.gguf	17	blk.17.ffn_up_shexp.weight	q6_K	2560	640	1	1	1344000
Qwen3.8-Flash-Next-APEX-I-Mini-00004-of-00006.gguf	17	blk.17.hc_attn_down.weight	q8_0	10240	320	1	1	3481600
Qwen3.8-Flash-Next-APEX-I-Mini-00004-of-00006.gguf	17	blk.17.hc_attn_inject.weight	q8_0	10240	4	1	1	43520
Qwen3.8-Flash-Next-APEX-I-Mini-00004-of-00006.gguf	17	blk.17.hc_attn_norm.weight	f32	10240	1	1	1	40960
Qwen3.8-Flash-Next-APEX-I-Mini-00004-of-00006.gguf	17	blk.17.hc_attn_up.weight	q8_0	320	10240	1	1	3481600
Qwen3.8-Flash-Next-APEX-I-Mini-00004-of-00006.gguf	17	blk.17.hc_ffn_down.weight	q8_0	10240	320	1	1	3481600
Qwen3.8-Flash-Next-APEX-I-Mini-00004-of-00006.gguf	17	blk.17.hc_ffn_inject.weight	q8_0	10240	4	1	1	43520
Qwen3.8-Flash-Next-APEX-I-Mini-00004-of-00006.gguf	17	blk.17.hc_ffn_norm.weight	f32	10240	1	1	1	40960
Qwen3.8-Flash-Next-APEX-I-Mini-00004-of-00006.gguf	17	blk.17.hc_ffn_up.weight	q8_0	320	10240	1	1	3481600
Qwen3.8-Flash-Next-APEX-I-Mini-00004-of-00006.gguf	17	blk.17.ssm_a	f32	48	1	1	1	192
Qwen3.8-Flash-Next-APEX-I-Mini-00004-of-00006.gguf	17	blk.17.ssm_alpha.weight	q6_K	2560	48	1	1	100800
Qwen3.8-Flash-Next-APEX-I-Mini-00004-of-00006.gguf	17	blk.17.ssm_beta.weight	q6_K	2560	48	1	1	100800
Qwen3.8-Flash-Next-APEX-I-Mini-00004-of-00006.gguf	17	blk.17.ssm_conv1d.weight	f32	4	10240	1	1	163840
Qwen3.8-Flash-Next-APEX-I-Mini-00004-of-00006.gguf	17	blk.17.ssm_dt.bias	f32	48	1	1	1	192
Qwen3.8-Flash-Next-APEX-I-Mini-00004-of-00006.gguf	17	blk.17.ssm_norm.weight	f32	128	1	1	1	512
Qwen3.8-Flash-Next-APEX-I-Mini-00004-of-00006.gguf	17	blk.17.ssm_out.weight	q5_K	6144	2560	1	1	10813440
Qwen3.8-Flash-Next-APEX-I-Mini-00004-of-00006.gguf	18	blk.18.attn_gate.weight	q5_K	2560	6144	1	1	10813440
Qwen3.8-Flash-Next-APEX-I-Mini-00004-of-00006.gguf	18	blk.18.attn_qkv.weight	q5_K	2560	10240	1	1	18022400
Qwen3.8-Flash-Next-APEX-I-Mini-00004-of-00006.gguf	18	blk.18.ffn_down_exps.weight	iq4_nl	640	2560	512	1	471859200
Qwen3.8-Flash-Next-APEX-I-Mini-00004-of-00006.gguf	18	blk.18.ffn_down_shexp.weight	q8_0	640	2560	1	1	1740800
Qwen3.8-Flash-Next-APEX-I-Mini-00004-of-00006.gguf	18	blk.18.ffn_gate_exps.weight	iq2_xxs	2560	640	512	1	216268800
Qwen3.8-Flash-Next-APEX-I-Mini-00004-of-00006.gguf	18	blk.18.ffn_gate_inp.weight	f32	2560	512	1	1	5242880
Qwen3.8-Flash-Next-APEX-I-Mini-00004-of-00006.gguf	18	blk.18.ffn_gate_inp_shexp.weight	f32	2560	1	1	1	10240
Qwen3.8-Flash-Next-APEX-I-Mini-00004-of-00006.gguf	18	blk.18.ffn_gate_shexp.weight	q6_K	2560	640	1	1	1344000
Qwen3.8-Flash-Next-APEX-I-Mini-00004-of-00006.gguf	18	blk.18.ffn_up_exps.weight	iq2_xs	2560	640	512	1	242483200
Qwen3.8-Flash-Next-APEX-I-Mini-00004-of-00006.gguf	18	blk.18.ffn_up_shexp.weight	q6_K	2560	640	1	1	1344000
Qwen3.8-Flash-Next-APEX-I-Mini-00004-of-00006.gguf	18	blk.18.hc_attn_down.weight	q8_0	10240	320	1	1	3481600
Qwen3.8-Flash-Next-APEX-I-Mini-00004-of-00006.gguf	18	blk.18.hc_attn_inject.weight	q8_0	10240	4	1	1	43520
Qwen3.8-Flash-Next-APEX-I-Mini-00004-of-00006.gguf	18	blk.18.hc_attn_norm.weight	f32	10240	1	1	1	40960
Qwen3.8-Flash-Next-APEX-I-Mini-00004-of-00006.gguf	18	blk.18.hc_attn_up.weight	q8_0	320	10240	1	1	3481600
Qwen3.8-Flash-Next-APEX-I-Mini-00004-of-00006.gguf	18	blk.18.hc_ffn_down.weight	q8_0	10240	320	1	1	3481600
Qwen3.8-Flash-Next-APEX-I-Mini-00004-of-00006.gguf	18	blk.18.hc_ffn_inject.weight	q8_0	10240	4	1	1	43520
Qwen3.8-Flash-Next-APEX-I-Mini-00004-of-00006.gguf	18	blk.18.hc_ffn_norm.weight	f32	10240	1	1	1	40960
Qwen3.8-Flash-Next-APEX-I-Mini-00004-of-00006.gguf	18	blk.18.hc_ffn_up.weight	q8_0	320	10240	1	1	3481600
Qwen3.8-Flash-Next-APEX-I-Mini-00004-of-00006.gguf	18	blk.18.ssm_a	f32	48	1	1	1	192
Qwen3.8-Flash-Next-APEX-I-Mini-00004-of-00006.gguf	18	blk.18.ssm_alpha.weight	q6_K	2560	48	1	1	100800
Qwen3.8-Flash-Next-APEX-I-Mini-00004-of-00006.gguf	18	blk.18.ssm_beta.weight	q6_K	2560	48	1	1	100800
Qwen3.8-Flash-Next-APEX-I-Mini-00004-of-00006.gguf	18	blk.18.ssm_conv1d.weight	f32	4	10240	1	1	163840
Qwen3.8-Flash-Next-APEX-I-Mini-00004-of-00006.gguf	18	blk.18.ssm_dt.bias	f32	48	1	1	1	192
Qwen3.8-Flash-Next-APEX-I-Mini-00004-of-00006.gguf	18	blk.18.ssm_norm.weight	f32	128	1	1	1	512
Qwen3.8-Flash-Next-APEX-I-Mini-00004-of-00006.gguf	18	blk.18.ssm_out.weight	q5_K	6144	2560	1	1	10813440
Qwen3.8-Flash-Next-APEX-I-Mini-00004-of-00006.gguf	19	blk.19.attn_k.weight	q6_K	2560	512	1	1	1075200
Qwen3.8-Flash-Next-APEX-I-Mini-00004-of-00006.gguf	19	blk.19.attn_k_norm.weight	f32	256	1	1	1	1024
Qwen3.8-Flash-Next-APEX-I-Mini-00004-of-00006.gguf	19	blk.19.attn_output.weight	q5_K	6144	2560	1	1	10813440
Qwen3.8-Flash-Next-APEX-I-Mini-00004-of-00006.gguf	19	blk.19.attn_q.weight	q5_K	2560	12288	1	1	21626880
Qwen3.8-Flash-Next-APEX-I-Mini-00004-of-00006.gguf	19	blk.19.attn_q_norm.weight	f32	256	1	1	1	1024
Qwen3.8-Flash-Next-APEX-I-Mini-00004-of-00006.gguf	19	blk.19.attn_v.weight	q6_K	2560	512	1	1	1075200
Qwen3.8-Flash-Next-APEX-I-Mini-00004-of-00006.gguf	19	blk.19.ffn_down_exps.weight	iq4_nl	640	2560	512	1	471859200
Qwen3.8-Flash-Next-APEX-I-Mini-00004-of-00006.gguf	19	blk.19.ffn_down_shexp.weight	q8_0	640	2560	1	1	1740800
Qwen3.8-Flash-Next-APEX-I-Mini-00004-of-00006.gguf	19	blk.19.ffn_gate_exps.weight	iq2_xxs	2560	640	512	1	216268800
Qwen3.8-Flash-Next-APEX-I-Mini-00004-of-00006.gguf	19	blk.19.ffn_gate_inp.weight	f32	2560	512	1	1	5242880
Qwen3.8-Flash-Next-APEX-I-Mini-00004-of-00006.gguf	19	blk.19.ffn_gate_inp_shexp.weight	f32	2560	1	1	1	10240
Qwen3.8-Flash-Next-APEX-I-Mini-00004-of-00006.gguf	19	blk.19.ffn_gate_shexp.weight	q6_K	2560	640	1	1	1344000
Qwen3.8-Flash-Next-APEX-I-Mini-00004-of-00006.gguf	19	blk.19.ffn_up_exps.weight	iq2_xs	2560	640	512	1	242483200
Qwen3.8-Flash-Next-APEX-I-Mini-00004-of-00006.gguf	19	blk.19.ffn_up_shexp.weight	q6_K	2560	640	1	1	1344000
Qwen3.8-Flash-Next-APEX-I-Mini-00004-of-00006.gguf	19	blk.19.hc_attn_down.weight	q8_0	10240	320	1	1	3481600
Qwen3.8-Flash-Next-APEX-I-Mini-00004-of-00006.gguf	19	blk.19.hc_attn_inject.weight	q8_0	10240	4	1	1	43520
Qwen3.8-Flash-Next-APEX-I-Mini-00004-of-00006.gguf	19	blk.19.hc_attn_norm.weight	f32	10240	1	1	1	40960
Qwen3.8-Flash-Next-APEX-I-Mini-00004-of-00006.gguf	19	blk.19.hc_attn_up.weight	q8_0	320	10240	1	1	3481600
Qwen3.8-Flash-Next-APEX-I-Mini-00004-of-00006.gguf	19	blk.19.hc_ffn_down.weight	q8_0	10240	320	1	1	3481600
Qwen3.8-Flash-Next-APEX-I-Mini-00004-of-00006.gguf	19	blk.19.hc_ffn_inject.weight	q8_0	10240	4	1	1	43520
Qwen3.8-Flash-Next-APEX-I-Mini-00004-of-00006.gguf	19	blk.19.hc_ffn_norm.weight	f32	10240	1	1	1	40960
Qwen3.8-Flash-Next-APEX-I-Mini-00004-of-00006.gguf	19	blk.19.hc_ffn_up.weight	q8_0	320	10240	1	1	3481600
Qwen3.8-Flash-Next-APEX-I-Mini-00004-of-00006.gguf	19	blk.19.indexer.k_norm.weight	f32	128	1	1	1	512
Qwen3.8-Flash-Next-APEX-I-Mini-00004-of-00006.gguf	19	blk.19.indexer.k_proj.weight	bf16	2560	128	1	1	655360
Qwen3.8-Flash-Next-APEX-I-Mini-00004-of-00006.gguf	19	blk.19.indexer.q_norm.weight	f32	128	1	1	1	512
Qwen3.8-Flash-Next-APEX-I-Mini-00004-of-00006.gguf	19	blk.19.indexer.q_proj.weight	bf16	2560	512	1	1	2621440
Qwen3.8-Flash-Next-APEX-I-Mini-00004-of-00006.gguf	20	blk.20.attn_gate.weight	q5_K	2560	6144	1	1	10813440
Qwen3.8-Flash-Next-APEX-I-Mini-00004-of-00006.gguf	20	blk.20.attn_qkv.weight	q5_K	2560	10240	1	1	18022400
Qwen3.8-Flash-Next-APEX-I-Mini-00004-of-00006.gguf	20	blk.20.ffn_down_exps.weight	iq4_nl	640	2560	512	1	471859200
Qwen3.8-Flash-Next-APEX-I-Mini-00004-of-00006.gguf	20	blk.20.ffn_down_shexp.weight	q8_0	640	2560	1	1	1740800
Qwen3.8-Flash-Next-APEX-I-Mini-00004-of-00006.gguf	20	blk.20.ffn_gate_exps.weight	iq2_xxs	2560	640	512	1	216268800
Qwen3.8-Flash-Next-APEX-I-Mini-00004-of-00006.gguf	20	blk.20.ffn_gate_inp.weight	f32	2560	512	1	1	5242880
Qwen3.8-Flash-Next-APEX-I-Mini-00004-of-00006.gguf	20	blk.20.ffn_gate_inp_shexp.weight	f32	2560	1	1	1	10240
Qwen3.8-Flash-Next-APEX-I-Mini-00004-of-00006.gguf	20	blk.20.ffn_gate_shexp.weight	q6_K	2560	640	1	1	1344000
Qwen3.8-Flash-Next-APEX-I-Mini-00004-of-00006.gguf	20	blk.20.ffn_up_exps.weight	iq2_xs	2560	640	512	1	242483200
Qwen3.8-Flash-Next-APEX-I-Mini-00004-of-00006.gguf	20	blk.20.ffn_up_shexp.weight	q6_K	2560	640	1	1	1344000
Qwen3.8-Flash-Next-APEX-I-Mini-00004-of-00006.gguf	20	blk.20.hc_attn_down.weight	q8_0	10240	320	1	1	3481600
Qwen3.8-Flash-Next-APEX-I-Mini-00004-of-00006.gguf	20	blk.20.hc_attn_inject.weight	q8_0	10240	4	1	1	43520
Qwen3.8-Flash-Next-APEX-I-Mini-00004-of-00006.gguf	20	blk.20.hc_attn_norm.weight	f32	10240	1	1	1	40960
Qwen3.8-Flash-Next-APEX-I-Mini-00004-of-00006.gguf	20	blk.20.hc_attn_up.weight	q8_0	320	10240	1	1	3481600
Qwen3.8-Flash-Next-APEX-I-Mini-00004-of-00006.gguf	20	blk.20.hc_ffn_down.weight	q8_0	10240	320	1	1	3481600
Qwen3.8-Flash-Next-APEX-I-Mini-00004-of-00006.gguf	20	blk.20.hc_ffn_inject.weight	q8_0	10240	4	1	1	43520
Qwen3.8-Flash-Next-APEX-I-Mini-00004-of-00006.gguf	20	blk.20.hc_ffn_norm.weight	f32	10240	1	1	1	40960
Qwen3.8-Flash-Next-APEX-I-Mini-00004-of-00006.gguf	20	blk.20.hc_ffn_up.weight	q8_0	320	10240	1	1	3481600
Qwen3.8-Flash-Next-APEX-I-Mini-00004-of-00006.gguf	20	blk.20.ssm_a	f32	48	1	1	1	192
Qwen3.8-Flash-Next-APEX-I-Mini-00004-of-00006.gguf	20	blk.20.ssm_alpha.weight	q6_K	2560	48	1	1	100800
Qwen3.8-Flash-Next-APEX-I-Mini-00004-of-00006.gguf	20	blk.20.ssm_beta.weight	q6_K	2560	48	1	1	100800
Qwen3.8-Flash-Next-APEX-I-Mini-00004-of-00006.gguf	20	blk.20.ssm_conv1d.weight	f32	4	10240	1	1	163840
Qwen3.8-Flash-Next-APEX-I-Mini-00004-of-00006.gguf	20	blk.20.ssm_dt.bias	f32	48	1	1	1	192
Qwen3.8-Flash-Next-APEX-I-Mini-00004-of-00006.gguf	20	blk.20.ssm_norm.weight	f32	128	1	1	1	512
Qwen3.8-Flash-Next-APEX-I-Mini-00004-of-00006.gguf	20	blk.20.ssm_out.weight	q5_K	6144	2560	1	1	10813440
Qwen3.8-Flash-Next-APEX-I-Mini-00004-of-00006.gguf	21	blk.21.attn_gate.weight	q5_K	2560	6144	1	1	10813440
Qwen3.8-Flash-Next-APEX-I-Mini-00004-of-00006.gguf	21	blk.21.attn_qkv.weight	q5_K	2560	10240	1	1	18022400
Qwen3.8-Flash-Next-APEX-I-Mini-00004-of-00006.gguf	21	blk.21.ffn_down_exps.weight	iq4_nl	640	2560	512	1	471859200
Qwen3.8-Flash-Next-APEX-I-Mini-00004-of-00006.gguf	21	blk.21.ffn_down_shexp.weight	q8_0	640	2560	1	1	1740800
Qwen3.8-Flash-Next-APEX-I-Mini-00004-of-00006.gguf	21	blk.21.ffn_gate_exps.weight	iq2_xxs	2560	640	512	1	216268800
Qwen3.8-Flash-Next-APEX-I-Mini-00004-of-00006.gguf	21	blk.21.ffn_gate_inp.weight	f32	2560	512	1	1	5242880
Qwen3.8-Flash-Next-APEX-I-Mini-00004-of-00006.gguf	21	blk.21.ffn_gate_inp_shexp.weight	f32	2560	1	1	1	10240
Qwen3.8-Flash-Next-APEX-I-Mini-00004-of-00006.gguf	21	blk.21.ffn_gate_shexp.weight	q6_K	2560	640	1	1	1344000
Qwen3.8-Flash-Next-APEX-I-Mini-00004-of-00006.gguf	21	blk.21.ffn_up_exps.weight	iq2_xs	2560	640	512	1	242483200
Qwen3.8-Flash-Next-APEX-I-Mini-00004-of-00006.gguf	21	blk.21.ffn_up_shexp.weight	q6_K	2560	640	1	1	1344000
Qwen3.8-Flash-Next-APEX-I-Mini-00004-of-00006.gguf	21	blk.21.hc_attn_down.weight	q8_0	10240	320	1	1	3481600
Qwen3.8-Flash-Next-APEX-I-Mini-00004-of-00006.gguf	21	blk.21.hc_attn_inject.weight	q8_0	10240	4	1	1	43520
Qwen3.8-Flash-Next-APEX-I-Mini-00004-of-00006.gguf	21	blk.21.hc_attn_norm.weight	f32	10240	1	1	1	40960
Qwen3.8-Flash-Next-APEX-I-Mini-00004-of-00006.gguf	21	blk.21.hc_attn_up.weight	q8_0	320	10240	1	1	3481600
Qwen3.8-Flash-Next-APEX-I-Mini-00004-of-00006.gguf	21	blk.21.hc_ffn_down.weight	q8_0	10240	320	1	1	3481600
Qwen3.8-Flash-Next-APEX-I-Mini-00004-of-00006.gguf	21	blk.21.hc_ffn_inject.weight	q8_0	10240	4	1	1	43520
Qwen3.8-Flash-Next-APEX-I-Mini-00004-of-00006.gguf	21	blk.21.hc_ffn_norm.weight	f32	10240	1	1	1	40960
Qwen3.8-Flash-Next-APEX-I-Mini-00004-of-00006.gguf	21	blk.21.hc_ffn_up.weight	q8_0	320	10240	1	1	3481600
Qwen3.8-Flash-Next-APEX-I-Mini-00004-of-00006.gguf	21	blk.21.ssm_a	f32	48	1	1	1	192
Qwen3.8-Flash-Next-APEX-I-Mini-00004-of-00006.gguf	21	blk.21.ssm_alpha.weight	q6_K	2560	48	1	1	100800
Qwen3.8-Flash-Next-APEX-I-Mini-00004-of-00006.gguf	21	blk.21.ssm_beta.weight	q6_K	2560	48	1	1	100800
Qwen3.8-Flash-Next-APEX-I-Mini-00004-of-00006.gguf	21	blk.21.ssm_conv1d.weight	f32	4	10240	1	1	163840
Qwen3.8-Flash-Next-APEX-I-Mini-00004-of-00006.gguf	21	blk.21.ssm_dt.bias	f32	48	1	1	1	192
Qwen3.8-Flash-Next-APEX-I-Mini-00004-of-00006.gguf	21	blk.21.ssm_norm.weight	f32	128	1	1	1	512
Qwen3.8-Flash-Next-APEX-I-Mini-00004-of-00006.gguf	21	blk.21.ssm_out.weight	q5_K	6144	2560	1	1	10813440
Qwen3.8-Flash-Next-APEX-I-Mini-00004-of-00006.gguf	22	blk.22.attn_gate.weight	q5_K	2560	6144	1	1	10813440
Qwen3.8-Flash-Next-APEX-I-Mini-00004-of-00006.gguf	22	blk.22.attn_qkv.weight	q5_K	2560	10240	1	1	18022400
Qwen3.8-Flash-Next-APEX-I-Mini-00004-of-00006.gguf	22	blk.22.ffn_down_exps.weight	iq4_nl	640	2560	512	1	471859200
Qwen3.8-Flash-Next-APEX-I-Mini-00004-of-00006.gguf	22	blk.22.ffn_down_shexp.weight	q8_0	640	2560	1	1	1740800
Qwen3.8-Flash-Next-APEX-I-Mini-00004-of-00006.gguf	22	blk.22.ffn_gate_exps.weight	iq2_xxs	2560	640	512	1	216268800
Qwen3.8-Flash-Next-APEX-I-Mini-00004-of-00006.gguf	22	blk.22.ffn_gate_inp.weight	f32	2560	512	1	1	5242880
Qwen3.8-Flash-Next-APEX-I-Mini-00004-of-00006.gguf	22	blk.22.ffn_gate_inp_shexp.weight	f32	2560	1	1	1	10240
Qwen3.8-Flash-Next-APEX-I-Mini-00004-of-00006.gguf	22	blk.22.ffn_gate_shexp.weight	q6_K	2560	640	1	1	1344000
Qwen3.8-Flash-Next-APEX-I-Mini-00004-of-00006.gguf	22	blk.22.ffn_up_exps.weight	iq2_xs	2560	640	512	1	242483200
Qwen3.8-Flash-Next-APEX-I-Mini-00004-of-00006.gguf	22	blk.22.ffn_up_shexp.weight	q6_K	2560	640	1	1	1344000
Qwen3.8-Flash-Next-APEX-I-Mini-00004-of-00006.gguf	22	blk.22.hc_attn_down.weight	q8_0	10240	320	1	1	3481600
Qwen3.8-Flash-Next-APEX-I-Mini-00004-of-00006.gguf	22	blk.22.hc_attn_inject.weight	q8_0	10240	4	1	1	43520
Qwen3.8-Flash-Next-APEX-I-Mini-00004-of-00006.gguf	22	blk.22.hc_attn_norm.weight	f32	10240	1	1	1	40960
Qwen3.8-Flash-Next-APEX-I-Mini-00004-of-00006.gguf	22	blk.22.hc_attn_up.weight	q8_0	320	10240	1	1	3481600
Qwen3.8-Flash-Next-APEX-I-Mini-00004-of-00006.gguf	22	blk.22.hc_ffn_down.weight	q8_0	10240	320	1	1	3481600
Qwen3.8-Flash-Next-APEX-I-Mini-00004-of-00006.gguf	22	blk.22.hc_ffn_inject.weight	q8_0	10240	4	1	1	43520
Qwen3.8-Flash-Next-APEX-I-Mini-00004-of-00006.gguf	22	blk.22.hc_ffn_norm.weight	f32	10240	1	1	1	40960
Qwen3.8-Flash-Next-APEX-I-Mini-00004-of-00006.gguf	22	blk.22.hc_ffn_up.weight	q8_0	320	10240	1	1	3481600
Qwen3.8-Flash-Next-APEX-I-Mini-00004-of-00006.gguf	22	blk.22.ssm_a	f32	48	1	1	1	192
Qwen3.8-Flash-Next-APEX-I-Mini-00004-of-00006.gguf	22	blk.22.ssm_alpha.weight	q6_K	2560	48	1	1	100800
Qwen3.8-Flash-Next-APEX-I-Mini-00004-of-00006.gguf	22	blk.22.ssm_beta.weight	q6_K	2560	48	1	1	100800
Qwen3.8-Flash-Next-APEX-I-Mini-00004-of-00006.gguf	22	blk.22.ssm_conv1d.weight	f32	4	10240	1	1	163840
Qwen3.8-Flash-Next-APEX-I-Mini-00004-of-00006.gguf	22	blk.22.ssm_dt.bias	f32	48	1	1	1	192
Qwen3.8-Flash-Next-APEX-I-Mini-00004-of-00006.gguf	22	blk.22.ssm_norm.weight	f32	128	1	1	1	512
Qwen3.8-Flash-Next-APEX-I-Mini-00004-of-00006.gguf	22	blk.22.ssm_out.weight	q5_K	6144	2560	1	1	10813440
Qwen3.8-Flash-Next-APEX-I-Mini-00004-of-00006.gguf	23	blk.23.attn_k.weight	q6_K	2560	512	1	1	1075200
Qwen3.8-Flash-Next-APEX-I-Mini-00004-of-00006.gguf	23	blk.23.attn_k_norm.weight	f32	256	1	1	1	1024
Qwen3.8-Flash-Next-APEX-I-Mini-00004-of-00006.gguf	23	blk.23.attn_output.weight	q5_K	6144	2560	1	1	10813440
Qwen3.8-Flash-Next-APEX-I-Mini-00004-of-00006.gguf	23	blk.23.attn_q.weight	q5_K	2560	12288	1	1	21626880
Qwen3.8-Flash-Next-APEX-I-Mini-00004-of-00006.gguf	23	blk.23.attn_q_norm.weight	f32	256	1	1	1	1024
Qwen3.8-Flash-Next-APEX-I-Mini-00004-of-00006.gguf	23	blk.23.attn_v.weight	q6_K	2560	512	1	1	1075200
Qwen3.8-Flash-Next-APEX-I-Mini-00004-of-00006.gguf	23	blk.23.ffn_down_exps.weight	iq4_nl	640	2560	512	1	471859200
Qwen3.8-Flash-Next-APEX-I-Mini-00004-of-00006.gguf	23	blk.23.ffn_down_shexp.weight	q8_0	640	2560	1	1	1740800
Qwen3.8-Flash-Next-APEX-I-Mini-00004-of-00006.gguf	23	blk.23.ffn_gate_exps.weight	iq2_xxs	2560	640	512	1	216268800
Qwen3.8-Flash-Next-APEX-I-Mini-00004-of-00006.gguf	23	blk.23.ffn_gate_inp.weight	f32	2560	512	1	1	5242880
Qwen3.8-Flash-Next-APEX-I-Mini-00004-of-00006.gguf	23	blk.23.ffn_gate_inp_shexp.weight	f32	2560	1	1	1	10240
Qwen3.8-Flash-Next-APEX-I-Mini-00004-of-00006.gguf	23	blk.23.ffn_gate_shexp.weight	q6_K	2560	640	1	1	1344000
Qwen3.8-Flash-Next-APEX-I-Mini-00004-of-00006.gguf	23	blk.23.ffn_up_exps.weight	iq2_xs	2560	640	512	1	242483200
Qwen3.8-Flash-Next-APEX-I-Mini-00004-of-00006.gguf	23	blk.23.ffn_up_shexp.weight	q6_K	2560	640	1	1	1344000
Qwen3.8-Flash-Next-APEX-I-Mini-00004-of-00006.gguf	23	blk.23.hc_attn_down.weight	q8_0	10240	320	1	1	3481600
Qwen3.8-Flash-Next-APEX-I-Mini-00004-of-00006.gguf	23	blk.23.hc_attn_inject.weight	q8_0	10240	4	1	1	43520
Qwen3.8-Flash-Next-APEX-I-Mini-00004-of-00006.gguf	23	blk.23.hc_attn_norm.weight	f32	10240	1	1	1	40960
Qwen3.8-Flash-Next-APEX-I-Mini-00004-of-00006.gguf	23	blk.23.hc_attn_up.weight	q8_0	320	10240	1	1	3481600
Qwen3.8-Flash-Next-APEX-I-Mini-00004-of-00006.gguf	23	blk.23.hc_ffn_down.weight	q8_0	10240	320	1	1	3481600
Qwen3.8-Flash-Next-APEX-I-Mini-00004-of-00006.gguf	23	blk.23.hc_ffn_inject.weight	q8_0	10240	4	1	1	43520
Qwen3.8-Flash-Next-APEX-I-Mini-00004-of-00006.gguf	23	blk.23.hc_ffn_norm.weight	f32	10240	1	1	1	40960
Qwen3.8-Flash-Next-APEX-I-Mini-00004-of-00006.gguf	23	blk.23.hc_ffn_up.weight	q8_0	320	10240	1	1	3481600
Qwen3.8-Flash-Next-APEX-I-Mini-00004-of-00006.gguf	23	blk.23.indexer.k_norm.weight	f32	128	1	1	1	512
Qwen3.8-Flash-Next-APEX-I-Mini-00004-of-00006.gguf	23	blk.23.indexer.k_proj.weight	bf16	2560	128	1	1	655360
Qwen3.8-Flash-Next-APEX-I-Mini-00004-of-00006.gguf	23	blk.23.indexer.q_norm.weight	f32	128	1	1	1	512
Qwen3.8-Flash-Next-APEX-I-Mini-00004-of-00006.gguf	23	blk.23.indexer.q_proj.weight	bf16	2560	512	1	1	2621440
Qwen3.8-Flash-Next-APEX-I-Mini-00004-of-00006.gguf	24	blk.24.attn_gate.weight	q5_K	2560	6144	1	1	10813440
Qwen3.8-Flash-Next-APEX-I-Mini-00004-of-00006.gguf	24	blk.24.attn_qkv.weight	q5_K	2560	10240	1	1	18022400
Qwen3.8-Flash-Next-APEX-I-Mini-00004-of-00006.gguf	24	blk.24.ffn_down_exps.weight	iq4_nl	640	2560	512	1	471859200
Qwen3.8-Flash-Next-APEX-I-Mini-00004-of-00006.gguf	24	blk.24.ffn_down_shexp.weight	q8_0	640	2560	1	1	1740800
Qwen3.8-Flash-Next-APEX-I-Mini-00004-of-00006.gguf	24	blk.24.ffn_gate_exps.weight	iq2_xxs	2560	640	512	1	216268800
Qwen3.8-Flash-Next-APEX-I-Mini-00004-of-00006.gguf	24	blk.24.ffn_gate_inp.weight	f32	2560	512	1	1	5242880
Qwen3.8-Flash-Next-APEX-I-Mini-00004-of-00006.gguf	24	blk.24.ffn_gate_inp_shexp.weight	f32	2560	1	1	1	10240
Qwen3.8-Flash-Next-APEX-I-Mini-00004-of-00006.gguf	24	blk.24.ffn_gate_shexp.weight	q6_K	2560	640	1	1	1344000
Qwen3.8-Flash-Next-APEX-I-Mini-00004-of-00006.gguf	24	blk.24.ffn_up_exps.weight	iq2_xs	2560	640	512	1	242483200
Qwen3.8-Flash-Next-APEX-I-Mini-00004-of-00006.gguf	24	blk.24.ffn_up_shexp.weight	q6_K	2560	640	1	1	1344000
Qwen3.8-Flash-Next-APEX-I-Mini-00004-of-00006.gguf	24	blk.24.hc_attn_down.weight	q8_0	10240	320	1	1	3481600
Qwen3.8-Flash-Next-APEX-I-Mini-00004-of-00006.gguf	24	blk.24.hc_attn_inject.weight	q8_0	10240	4	1	1	43520
Qwen3.8-Flash-Next-APEX-I-Mini-00004-of-00006.gguf	24	blk.24.hc_attn_norm.weight	f32	10240	1	1	1	40960
Qwen3.8-Flash-Next-APEX-I-Mini-00004-of-00006.gguf	24	blk.24.hc_attn_up.weight	q8_0	320	10240	1	1	3481600
Qwen3.8-Flash-Next-APEX-I-Mini-00004-of-00006.gguf	24	blk.24.hc_ffn_down.weight	q8_0	10240	320	1	1	3481600
Qwen3.8-Flash-Next-APEX-I-Mini-00004-of-00006.gguf	24	blk.24.hc_ffn_inject.weight	q8_0	10240	4	1	1	43520
Qwen3.8-Flash-Next-APEX-I-Mini-00004-of-00006.gguf	24	blk.24.hc_ffn_norm.weight	f32	10240	1	1	1	40960
Qwen3.8-Flash-Next-APEX-I-Mini-00004-of-00006.gguf	24	blk.24.hc_ffn_up.weight	q8_0	320	10240	1	1	3481600
Qwen3.8-Flash-Next-APEX-I-Mini-00004-of-00006.gguf	24	blk.24.ssm_a	f32	48	1	1	1	192
Qwen3.8-Flash-Next-APEX-I-Mini-00004-of-00006.gguf	24	blk.24.ssm_alpha.weight	q6_K	2560	48	1	1	100800
Qwen3.8-Flash-Next-APEX-I-Mini-00004-of-00006.gguf	24	blk.24.ssm_beta.weight	q6_K	2560	48	1	1	100800
Qwen3.8-Flash-Next-APEX-I-Mini-00004-of-00006.gguf	24	blk.24.ssm_conv1d.weight	f32	4	10240	1	1	163840
Qwen3.8-Flash-Next-APEX-I-Mini-00004-of-00006.gguf	24	blk.24.ssm_dt.bias	f32	48	1	1	1	192
Qwen3.8-Flash-Next-APEX-I-Mini-00004-of-00006.gguf	24	blk.24.ssm_norm.weight	f32	128	1	1	1	512
Qwen3.8-Flash-Next-APEX-I-Mini-00004-of-00006.gguf	24	blk.24.ssm_out.weight	q5_K	6144	2560	1	1	10813440
Qwen3.8-Flash-Next-APEX-I-Mini-00004-of-00006.gguf	25	blk.25.attn_gate.weight	q5_K	2560	6144	1	1	10813440
Qwen3.8-Flash-Next-APEX-I-Mini-00004-of-00006.gguf	25	blk.25.attn_qkv.weight	q5_K	2560	10240	1	1	18022400
Qwen3.8-Flash-Next-APEX-I-Mini-00004-of-00006.gguf	25	blk.25.ffn_down_exps.weight	iq4_nl	640	2560	512	1	471859200
Qwen3.8-Flash-Next-APEX-I-Mini-00004-of-00006.gguf	25	blk.25.ffn_down_shexp.weight	q8_0	640	2560	1	1	1740800
Qwen3.8-Flash-Next-APEX-I-Mini-00004-of-00006.gguf	25	blk.25.ffn_gate_exps.weight	iq2_xxs	2560	640	512	1	216268800
Qwen3.8-Flash-Next-APEX-I-Mini-00004-of-00006.gguf	25	blk.25.ffn_gate_inp.weight	f32	2560	512	1	1	5242880
Qwen3.8-Flash-Next-APEX-I-Mini-00004-of-00006.gguf	25	blk.25.ffn_gate_inp_shexp.weight	f32	2560	1	1	1	10240
Qwen3.8-Flash-Next-APEX-I-Mini-00004-of-00006.gguf	25	blk.25.ffn_gate_shexp.weight	q6_K	2560	640	1	1	1344000
Qwen3.8-Flash-Next-APEX-I-Mini-00004-of-00006.gguf	25	blk.25.ffn_up_exps.weight	iq2_xs	2560	640	512	1	242483200
Qwen3.8-Flash-Next-APEX-I-Mini-00004-of-00006.gguf	25	blk.25.ffn_up_shexp.weight	q6_K	2560	640	1	1	1344000
Qwen3.8-Flash-Next-APEX-I-Mini-00004-of-00006.gguf	25	blk.25.hc_attn_down.weight	q8_0	10240	320	1	1	3481600
Qwen3.8-Flash-Next-APEX-I-Mini-00004-of-00006.gguf	25	blk.25.hc_attn_inject.weight	q8_0	10240	4	1	1	43520
Qwen3.8-Flash-Next-APEX-I-Mini-00004-of-00006.gguf	25	blk.25.hc_attn_norm.weight	f32	10240	1	1	1	40960
Qwen3.8-Flash-Next-APEX-I-Mini-00004-of-00006.gguf	25	blk.25.hc_attn_up.weight	q8_0	320	10240	1	1	3481600
Qwen3.8-Flash-Next-APEX-I-Mini-00004-of-00006.gguf	25	blk.25.hc_ffn_down.weight	q8_0	10240	320	1	1	3481600
Qwen3.8-Flash-Next-APEX-I-Mini-00004-of-00006.gguf	25	blk.25.hc_ffn_inject.weight	q8_0	10240	4	1	1	43520
Qwen3.8-Flash-Next-APEX-I-Mini-00004-of-00006.gguf	25	blk.25.hc_ffn_norm.weight	f32	10240	1	1	1	40960
Qwen3.8-Flash-Next-APEX-I-Mini-00004-of-00006.gguf	25	blk.25.hc_ffn_up.weight	q8_0	320	10240	1	1	3481600
Qwen3.8-Flash-Next-APEX-I-Mini-00004-of-00006.gguf	25	blk.25.ssm_a	f32	48	1	1	1	192
Qwen3.8-Flash-Next-APEX-I-Mini-00004-of-00006.gguf	25	blk.25.ssm_alpha.weight	q6_K	2560	48	1	1	100800
Qwen3.8-Flash-Next-APEX-I-Mini-00004-of-00006.gguf	25	blk.25.ssm_beta.weight	q6_K	2560	48	1	1	100800
Qwen3.8-Flash-Next-APEX-I-Mini-00004-of-00006.gguf	25	blk.25.ssm_conv1d.weight	f32	4	10240	1	1	163840
Qwen3.8-Flash-Next-APEX-I-Mini-00004-of-00006.gguf	25	blk.25.ssm_dt.bias	f32	48	1	1	1	192
Qwen3.8-Flash-Next-APEX-I-Mini-00004-of-00006.gguf	25	blk.25.ssm_norm.weight	f32	128	1	1	1	512
Qwen3.8-Flash-Next-APEX-I-Mini-00004-of-00006.gguf	25	blk.25.ssm_out.weight	q5_K	6144	2560	1	1	10813440
Qwen3.8-Flash-Next-APEX-I-Mini-00004-of-00006.gguf	26	blk.26.attn_gate.weight	q5_K	2560	6144	1	1	10813440
Qwen3.8-Flash-Next-APEX-I-Mini-00004-of-00006.gguf	26	blk.26.attn_qkv.weight	q5_K	2560	10240	1	1	18022400
Qwen3.8-Flash-Next-APEX-I-Mini-00004-of-00006.gguf	26	blk.26.ffn_down_exps.weight	iq4_nl	640	2560	512	1	471859200
Qwen3.8-Flash-Next-APEX-I-Mini-00004-of-00006.gguf	26	blk.26.ffn_down_shexp.weight	q8_0	640	2560	1	1	1740800
Qwen3.8-Flash-Next-APEX-I-Mini-00004-of-00006.gguf	26	blk.26.ffn_gate_exps.weight	iq2_xxs	2560	640	512	1	216268800
Qwen3.8-Flash-Next-APEX-I-Mini-00004-of-00006.gguf	26	blk.26.ffn_gate_inp.weight	f32	2560	512	1	1	5242880
Qwen3.8-Flash-Next-APEX-I-Mini-00004-of-00006.gguf	26	blk.26.ffn_gate_inp_shexp.weight	f32	2560	1	1	1	10240
Qwen3.8-Flash-Next-APEX-I-Mini-00004-of-00006.gguf	26	blk.26.ffn_gate_shexp.weight	q6_K	2560	640	1	1	1344000
Qwen3.8-Flash-Next-APEX-I-Mini-00004-of-00006.gguf	26	blk.26.ffn_up_exps.weight	iq2_xs	2560	640	512	1	242483200
Qwen3.8-Flash-Next-APEX-I-Mini-00004-of-00006.gguf	26	blk.26.ffn_up_shexp.weight	q6_K	2560	640	1	1	1344000
Qwen3.8-Flash-Next-APEX-I-Mini-00004-of-00006.gguf	26	blk.26.hc_attn_down.weight	q8_0	10240	320	1	1	3481600
Qwen3.8-Flash-Next-APEX-I-Mini-00004-of-00006.gguf	26	blk.26.hc_attn_inject.weight	q8_0	10240	4	1	1	43520
Qwen3.8-Flash-Next-APEX-I-Mini-00004-of-00006.gguf	26	blk.26.hc_attn_norm.weight	f32	10240	1	1	1	40960
Qwen3.8-Flash-Next-APEX-I-Mini-00004-of-00006.gguf	26	blk.26.hc_attn_up.weight	q8_0	320	10240	1	1	3481600
Qwen3.8-Flash-Next-APEX-I-Mini-00004-of-00006.gguf	26	blk.26.hc_ffn_down.weight	q8_0	10240	320	1	1	3481600
Qwen3.8-Flash-Next-APEX-I-Mini-00004-of-00006.gguf	26	blk.26.hc_ffn_inject.weight	q8_0	10240	4	1	1	43520
Qwen3.8-Flash-Next-APEX-I-Mini-00004-of-00006.gguf	26	blk.26.hc_ffn_norm.weight	f32	10240	1	1	1	40960
Qwen3.8-Flash-Next-APEX-I-Mini-00004-of-00006.gguf	26	blk.26.hc_ffn_up.weight	q8_0	320	10240	1	1	3481600
Qwen3.8-Flash-Next-APEX-I-Mini-00004-of-00006.gguf	26	blk.26.ssm_a	f32	48	1	1	1	192
Qwen3.8-Flash-Next-APEX-I-Mini-00004-of-00006.gguf	26	blk.26.ssm_alpha.weight	q6_K	2560	48	1	1	100800
Qwen3.8-Flash-Next-APEX-I-Mini-00004-of-00006.gguf	26	blk.26.ssm_beta.weight	q6_K	2560	48	1	1	100800
Qwen3.8-Flash-Next-APEX-I-Mini-00004-of-00006.gguf	26	blk.26.ssm_conv1d.weight	f32	4	10240	1	1	163840
Qwen3.8-Flash-Next-APEX-I-Mini-00004-of-00006.gguf	26	blk.26.ssm_dt.bias	f32	48	1	1	1	192
Qwen3.8-Flash-Next-APEX-I-Mini-00004-of-00006.gguf	26	blk.26.ssm_norm.weight	f32	128	1	1	1	512
Qwen3.8-Flash-Next-APEX-I-Mini-00004-of-00006.gguf	26	blk.26.ssm_out.weight	q5_K	6144	2560	1	1	10813440
Qwen3.8-Flash-Next-APEX-I-Mini-00004-of-00006.gguf	27	blk.27.attn_k.weight	q6_K	2560	512	1	1	1075200
Qwen3.8-Flash-Next-APEX-I-Mini-00004-of-00006.gguf	27	blk.27.attn_k_norm.weight	f32	256	1	1	1	1024
Qwen3.8-Flash-Next-APEX-I-Mini-00004-of-00006.gguf	27	blk.27.attn_output.weight	q5_K	6144	2560	1	1	10813440
Qwen3.8-Flash-Next-APEX-I-Mini-00004-of-00006.gguf	27	blk.27.attn_q.weight	q5_K	2560	12288	1	1	21626880
Qwen3.8-Flash-Next-APEX-I-Mini-00004-of-00006.gguf	27	blk.27.attn_q_norm.weight	f32	256	1	1	1	1024
Qwen3.8-Flash-Next-APEX-I-Mini-00004-of-00006.gguf	27	blk.27.attn_v.weight	q6_K	2560	512	1	1	1075200
Qwen3.8-Flash-Next-APEX-I-Mini-00004-of-00006.gguf	27	blk.27.ffn_down_exps.weight	iq4_nl	640	2560	512	1	471859200
Qwen3.8-Flash-Next-APEX-I-Mini-00004-of-00006.gguf	27	blk.27.ffn_down_shexp.weight	q8_0	640	2560	1	1	1740800
Qwen3.8-Flash-Next-APEX-I-Mini-00004-of-00006.gguf	27	blk.27.ffn_gate_exps.weight	iq2_xxs	2560	640	512	1	216268800
Qwen3.8-Flash-Next-APEX-I-Mini-00004-of-00006.gguf	27	blk.27.ffn_gate_inp.weight	f32	2560	512	1	1	5242880
Qwen3.8-Flash-Next-APEX-I-Mini-00004-of-00006.gguf	27	blk.27.ffn_gate_inp_shexp.weight	f32	2560	1	1	1	10240
Qwen3.8-Flash-Next-APEX-I-Mini-00004-of-00006.gguf	27	blk.27.ffn_gate_shexp.weight	q6_K	2560	640	1	1	1344000
Qwen3.8-Flash-Next-APEX-I-Mini-00004-of-00006.gguf	27	blk.27.ffn_up_exps.weight	iq2_xs	2560	640	512	1	242483200
Qwen3.8-Flash-Next-APEX-I-Mini-00004-of-00006.gguf	27	blk.27.ffn_up_shexp.weight	q6_K	2560	640	1	1	1344000
Qwen3.8-Flash-Next-APEX-I-Mini-00004-of-00006.gguf	27	blk.27.hc_attn_down.weight	q8_0	10240	320	1	1	3481600
Qwen3.8-Flash-Next-APEX-I-Mini-00004-of-00006.gguf	27	blk.27.hc_attn_inject.weight	q8_0	10240	4	1	1	43520
Qwen3.8-Flash-Next-APEX-I-Mini-00004-of-00006.gguf	27	blk.27.hc_attn_norm.weight	f32	10240	1	1	1	40960
Qwen3.8-Flash-Next-APEX-I-Mini-00004-of-00006.gguf	27	blk.27.hc_attn_up.weight	q8_0	320	10240	1	1	3481600
Qwen3.8-Flash-Next-APEX-I-Mini-00004-of-00006.gguf	27	blk.27.hc_ffn_down.weight	q8_0	10240	320	1	1	3481600
Qwen3.8-Flash-Next-APEX-I-Mini-00004-of-00006.gguf	27	blk.27.hc_ffn_inject.weight	q8_0	10240	4	1	1	43520
Qwen3.8-Flash-Next-APEX-I-Mini-00004-of-00006.gguf	27	blk.27.hc_ffn_norm.weight	f32	10240	1	1	1	40960
Qwen3.8-Flash-Next-APEX-I-Mini-00004-of-00006.gguf	27	blk.27.hc_ffn_up.weight	q8_0	320	10240	1	1	3481600
Qwen3.8-Flash-Next-APEX-I-Mini-00004-of-00006.gguf	27	blk.27.indexer.k_norm.weight	f32	128	1	1	1	512
Qwen3.8-Flash-Next-APEX-I-Mini-00004-of-00006.gguf	27	blk.27.indexer.k_proj.weight	bf16	2560	128	1	1	655360
Qwen3.8-Flash-Next-APEX-I-Mini-00004-of-00006.gguf	27	blk.27.indexer.q_norm.weight	f32	128	1	1	1	512
Qwen3.8-Flash-Next-APEX-I-Mini-00004-of-00006.gguf	27	blk.27.indexer.q_proj.weight	bf16	2560	512	1	1	2621440
Qwen3.8-Flash-Next-APEX-I-Mini-00004-of-00006.gguf	28	blk.28.attn_gate.weight	q5_K	2560	6144	1	1	10813440
Qwen3.8-Flash-Next-APEX-I-Mini-00004-of-00006.gguf	28	blk.28.attn_qkv.weight	q5_K	2560	10240	1	1	18022400
Qwen3.8-Flash-Next-APEX-I-Mini-00004-of-00006.gguf	28	blk.28.ffn_down_exps.weight	iq4_nl	640	2560	512	1	471859200
Qwen3.8-Flash-Next-APEX-I-Mini-00004-of-00006.gguf	28	blk.28.ffn_down_shexp.weight	q8_0	640	2560	1	1	1740800
Qwen3.8-Flash-Next-APEX-I-Mini-00004-of-00006.gguf	28	blk.28.ffn_gate_exps.weight	iq2_xxs	2560	640	512	1	216268800
Qwen3.8-Flash-Next-APEX-I-Mini-00004-of-00006.gguf	28	blk.28.ffn_gate_inp.weight	f32	2560	512	1	1	5242880
Qwen3.8-Flash-Next-APEX-I-Mini-00004-of-00006.gguf	28	blk.28.ffn_gate_inp_shexp.weight	f32	2560	1	1	1	10240
Qwen3.8-Flash-Next-APEX-I-Mini-00004-of-00006.gguf	28	blk.28.ffn_gate_shexp.weight	q6_K	2560	640	1	1	1344000
Qwen3.8-Flash-Next-APEX-I-Mini-00005-of-00006.gguf	28	blk.28.ffn_up_exps.weight	iq2_xs	2560	640	512	1	242483200
Qwen3.8-Flash-Next-APEX-I-Mini-00005-of-00006.gguf	28	blk.28.ffn_up_shexp.weight	q6_K	2560	640	1	1	1344000
Qwen3.8-Flash-Next-APEX-I-Mini-00005-of-00006.gguf	28	blk.28.hc_attn_down.weight	q8_0	10240	320	1	1	3481600
Qwen3.8-Flash-Next-APEX-I-Mini-00005-of-00006.gguf	28	blk.28.hc_attn_inject.weight	q8_0	10240	4	1	1	43520
Qwen3.8-Flash-Next-APEX-I-Mini-00005-of-00006.gguf	28	blk.28.hc_attn_norm.weight	f32	10240	1	1	1	40960
Qwen3.8-Flash-Next-APEX-I-Mini-00005-of-00006.gguf	28	blk.28.hc_attn_up.weight	q8_0	320	10240	1	1	3481600
Qwen3.8-Flash-Next-APEX-I-Mini-00005-of-00006.gguf	28	blk.28.hc_ffn_down.weight	q8_0	10240	320	1	1	3481600
Qwen3.8-Flash-Next-APEX-I-Mini-00005-of-00006.gguf	28	blk.28.hc_ffn_inject.weight	q8_0	10240	4	1	1	43520
Qwen3.8-Flash-Next-APEX-I-Mini-00005-of-00006.gguf	28	blk.28.hc_ffn_norm.weight	f32	10240	1	1	1	40960
Qwen3.8-Flash-Next-APEX-I-Mini-00005-of-00006.gguf	28	blk.28.hc_ffn_up.weight	q8_0	320	10240	1	1	3481600
Qwen3.8-Flash-Next-APEX-I-Mini-00005-of-00006.gguf	28	blk.28.ssm_a	f32	48	1	1	1	192
Qwen3.8-Flash-Next-APEX-I-Mini-00005-of-00006.gguf	28	blk.28.ssm_alpha.weight	q6_K	2560	48	1	1	100800
Qwen3.8-Flash-Next-APEX-I-Mini-00005-of-00006.gguf	28	blk.28.ssm_beta.weight	q6_K	2560	48	1	1	100800
Qwen3.8-Flash-Next-APEX-I-Mini-00005-of-00006.gguf	28	blk.28.ssm_conv1d.weight	f32	4	10240	1	1	163840
Qwen3.8-Flash-Next-APEX-I-Mini-00005-of-00006.gguf	28	blk.28.ssm_dt.bias	f32	48	1	1	1	192
Qwen3.8-Flash-Next-APEX-I-Mini-00005-of-00006.gguf	28	blk.28.ssm_norm.weight	f32	128	1	1	1	512
Qwen3.8-Flash-Next-APEX-I-Mini-00005-of-00006.gguf	28	blk.28.ssm_out.weight	q5_K	6144	2560	1	1	10813440
Qwen3.8-Flash-Next-APEX-I-Mini-00005-of-00006.gguf	29	blk.29.attn_gate.weight	q5_K	2560	6144	1	1	10813440
Qwen3.8-Flash-Next-APEX-I-Mini-00005-of-00006.gguf	29	blk.29.attn_qkv.weight	q5_K	2560	10240	1	1	18022400
Qwen3.8-Flash-Next-APEX-I-Mini-00005-of-00006.gguf	29	blk.29.ffn_down_exps.weight	iq4_nl	640	2560	512	1	471859200
Qwen3.8-Flash-Next-APEX-I-Mini-00005-of-00006.gguf	29	blk.29.ffn_down_shexp.weight	q8_0	640	2560	1	1	1740800
Qwen3.8-Flash-Next-APEX-I-Mini-00005-of-00006.gguf	29	blk.29.ffn_gate_exps.weight	iq2_xxs	2560	640	512	1	216268800
Qwen3.8-Flash-Next-APEX-I-Mini-00005-of-00006.gguf	29	blk.29.ffn_gate_inp.weight	f32	2560	512	1	1	5242880
Qwen3.8-Flash-Next-APEX-I-Mini-00005-of-00006.gguf	29	blk.29.ffn_gate_inp_shexp.weight	f32	2560	1	1	1	10240
Qwen3.8-Flash-Next-APEX-I-Mini-00005-of-00006.gguf	29	blk.29.ffn_gate_shexp.weight	q6_K	2560	640	1	1	1344000
Qwen3.8-Flash-Next-APEX-I-Mini-00005-of-00006.gguf	29	blk.29.ffn_up_exps.weight	iq2_xs	2560	640	512	1	242483200
Qwen3.8-Flash-Next-APEX-I-Mini-00005-of-00006.gguf	29	blk.29.ffn_up_shexp.weight	q6_K	2560	640	1	1	1344000
Qwen3.8-Flash-Next-APEX-I-Mini-00005-of-00006.gguf	29	blk.29.hc_attn_down.weight	q8_0	10240	320	1	1	3481600
Qwen3.8-Flash-Next-APEX-I-Mini-00005-of-00006.gguf	29	blk.29.hc_attn_inject.weight	q8_0	10240	4	1	1	43520
Qwen3.8-Flash-Next-APEX-I-Mini-00005-of-00006.gguf	29	blk.29.hc_attn_norm.weight	f32	10240	1	1	1	40960
Qwen3.8-Flash-Next-APEX-I-Mini-00005-of-00006.gguf	29	blk.29.hc_attn_up.weight	q8_0	320	10240	1	1	3481600
Qwen3.8-Flash-Next-APEX-I-Mini-00005-of-00006.gguf	29	blk.29.hc_ffn_down.weight	q8_0	10240	320	1	1	3481600
Qwen3.8-Flash-Next-APEX-I-Mini-00005-of-00006.gguf	29	blk.29.hc_ffn_inject.weight	q8_0	10240	4	1	1	43520
Qwen3.8-Flash-Next-APEX-I-Mini-00005-of-00006.gguf	29	blk.29.hc_ffn_norm.weight	f32	10240	1	1	1	40960
Qwen3.8-Flash-Next-APEX-I-Mini-00005-of-00006.gguf	29	blk.29.hc_ffn_up.weight	q8_0	320	10240	1	1	3481600
Qwen3.8-Flash-Next-APEX-I-Mini-00005-of-00006.gguf	29	blk.29.ssm_a	f32	48	1	1	1	192
Qwen3.8-Flash-Next-APEX-I-Mini-00005-of-00006.gguf	29	blk.29.ssm_alpha.weight	q6_K	2560	48	1	1	100800
Qwen3.8-Flash-Next-APEX-I-Mini-00005-of-00006.gguf	29	blk.29.ssm_beta.weight	q6_K	2560	48	1	1	100800
Qwen3.8-Flash-Next-APEX-I-Mini-00005-of-00006.gguf	29	blk.29.ssm_conv1d.weight	f32	4	10240	1	1	163840
Qwen3.8-Flash-Next-APEX-I-Mini-00005-of-00006.gguf	29	blk.29.ssm_dt.bias	f32	48	1	1	1	192
Qwen3.8-Flash-Next-APEX-I-Mini-00005-of-00006.gguf	29	blk.29.ssm_norm.weight	f32	128	1	1	1	512
Qwen3.8-Flash-Next-APEX-I-Mini-00005-of-00006.gguf	29	blk.29.ssm_out.weight	q5_K	6144	2560	1	1	10813440
Qwen3.8-Flash-Next-APEX-I-Mini-00005-of-00006.gguf	30	blk.30.attn_gate.weight	q5_K	2560	6144	1	1	10813440
Qwen3.8-Flash-Next-APEX-I-Mini-00005-of-00006.gguf	30	blk.30.attn_qkv.weight	q5_K	2560	10240	1	1	18022400
Qwen3.8-Flash-Next-APEX-I-Mini-00005-of-00006.gguf	30	blk.30.ffn_down_exps.weight	iq4_nl	640	2560	512	1	471859200
Qwen3.8-Flash-Next-APEX-I-Mini-00005-of-00006.gguf	30	blk.30.ffn_down_shexp.weight	q8_0	640	2560	1	1	1740800
Qwen3.8-Flash-Next-APEX-I-Mini-00005-of-00006.gguf	30	blk.30.ffn_gate_exps.weight	iq2_xxs	2560	640	512	1	216268800
Qwen3.8-Flash-Next-APEX-I-Mini-00005-of-00006.gguf	30	blk.30.ffn_gate_inp.weight	f32	2560	512	1	1	5242880
Qwen3.8-Flash-Next-APEX-I-Mini-00005-of-00006.gguf	30	blk.30.ffn_gate_inp_shexp.weight	f32	2560	1	1	1	10240
Qwen3.8-Flash-Next-APEX-I-Mini-00005-of-00006.gguf	30	blk.30.ffn_gate_shexp.weight	q6_K	2560	640	1	1	1344000
Qwen3.8-Flash-Next-APEX-I-Mini-00005-of-00006.gguf	30	blk.30.ffn_up_exps.weight	iq2_xs	2560	640	512	1	242483200
Qwen3.8-Flash-Next-APEX-I-Mini-00005-of-00006.gguf	30	blk.30.ffn_up_shexp.weight	q6_K	2560	640	1	1	1344000
Qwen3.8-Flash-Next-APEX-I-Mini-00005-of-00006.gguf	30	blk.30.hc_attn_down.weight	q8_0	10240	320	1	1	3481600
Qwen3.8-Flash-Next-APEX-I-Mini-00005-of-00006.gguf	30	blk.30.hc_attn_inject.weight	q8_0	10240	4	1	1	43520
Qwen3.8-Flash-Next-APEX-I-Mini-00005-of-00006.gguf	30	blk.30.hc_attn_norm.weight	f32	10240	1	1	1	40960
Qwen3.8-Flash-Next-APEX-I-Mini-00005-of-00006.gguf	30	blk.30.hc_attn_up.weight	q8_0	320	10240	1	1	3481600
Qwen3.8-Flash-Next-APEX-I-Mini-00005-of-00006.gguf	30	blk.30.hc_ffn_down.weight	q8_0	10240	320	1	1	3481600
Qwen3.8-Flash-Next-APEX-I-Mini-00005-of-00006.gguf	30	blk.30.hc_ffn_inject.weight	q8_0	10240	4	1	1	43520
Qwen3.8-Flash-Next-APEX-I-Mini-00005-of-00006.gguf	30	blk.30.hc_ffn_norm.weight	f32	10240	1	1	1	40960
Qwen3.8-Flash-Next-APEX-I-Mini-00005-of-00006.gguf	30	blk.30.hc_ffn_up.weight	q8_0	320	10240	1	1	3481600
Qwen3.8-Flash-Next-APEX-I-Mini-00005-of-00006.gguf	30	blk.30.ssm_a	f32	48	1	1	1	192
Qwen3.8-Flash-Next-APEX-I-Mini-00005-of-00006.gguf	30	blk.30.ssm_alpha.weight	q6_K	2560	48	1	1	100800
Qwen3.8-Flash-Next-APEX-I-Mini-00005-of-00006.gguf	30	blk.30.ssm_beta.weight	q6_K	2560	48	1	1	100800
Qwen3.8-Flash-Next-APEX-I-Mini-00005-of-00006.gguf	30	blk.30.ssm_conv1d.weight	f32	4	10240	1	1	163840
Qwen3.8-Flash-Next-APEX-I-Mini-00005-of-00006.gguf	30	blk.30.ssm_dt.bias	f32	48	1	1	1	192
Qwen3.8-Flash-Next-APEX-I-Mini-00005-of-00006.gguf	30	blk.30.ssm_norm.weight	f32	128	1	1	1	512
Qwen3.8-Flash-Next-APEX-I-Mini-00005-of-00006.gguf	30	blk.30.ssm_out.weight	q5_K	6144	2560	1	1	10813440
Qwen3.8-Flash-Next-APEX-I-Mini-00005-of-00006.gguf	31	blk.31.attn_k.weight	q6_K	2560	512	1	1	1075200
Qwen3.8-Flash-Next-APEX-I-Mini-00005-of-00006.gguf	31	blk.31.attn_k_norm.weight	f32	256	1	1	1	1024
Qwen3.8-Flash-Next-APEX-I-Mini-00005-of-00006.gguf	31	blk.31.attn_output.weight	q5_K	6144	2560	1	1	10813440
Qwen3.8-Flash-Next-APEX-I-Mini-00005-of-00006.gguf	31	blk.31.attn_q.weight	q5_K	2560	12288	1	1	21626880
Qwen3.8-Flash-Next-APEX-I-Mini-00005-of-00006.gguf	31	blk.31.attn_q_norm.weight	f32	256	1	1	1	1024
Qwen3.8-Flash-Next-APEX-I-Mini-00005-of-00006.gguf	31	blk.31.attn_v.weight	q6_K	2560	512	1	1	1075200
Qwen3.8-Flash-Next-APEX-I-Mini-00005-of-00006.gguf	31	blk.31.ffn_down_exps.weight	iq4_nl	640	2560	512	1	471859200
Qwen3.8-Flash-Next-APEX-I-Mini-00005-of-00006.gguf	31	blk.31.ffn_down_shexp.weight	q8_0	640	2560	1	1	1740800
Qwen3.8-Flash-Next-APEX-I-Mini-00005-of-00006.gguf	31	blk.31.ffn_gate_exps.weight	iq2_xxs	2560	640	512	1	216268800
Qwen3.8-Flash-Next-APEX-I-Mini-00005-of-00006.gguf	31	blk.31.ffn_gate_inp.weight	f32	2560	512	1	1	5242880
Qwen3.8-Flash-Next-APEX-I-Mini-00005-of-00006.gguf	31	blk.31.ffn_gate_inp_shexp.weight	f32	2560	1	1	1	10240
Qwen3.8-Flash-Next-APEX-I-Mini-00005-of-00006.gguf	31	blk.31.ffn_gate_shexp.weight	q6_K	2560	640	1	1	1344000
Qwen3.8-Flash-Next-APEX-I-Mini-00005-of-00006.gguf	31	blk.31.ffn_up_exps.weight	iq2_xs	2560	640	512	1	242483200
Qwen3.8-Flash-Next-APEX-I-Mini-00005-of-00006.gguf	31	blk.31.ffn_up_shexp.weight	q6_K	2560	640	1	1	1344000
Qwen3.8-Flash-Next-APEX-I-Mini-00005-of-00006.gguf	31	blk.31.hc_attn_down.weight	q8_0	10240	320	1	1	3481600
Qwen3.8-Flash-Next-APEX-I-Mini-00005-of-00006.gguf	31	blk.31.hc_attn_inject.weight	q8_0	10240	4	1	1	43520
Qwen3.8-Flash-Next-APEX-I-Mini-00005-of-00006.gguf	31	blk.31.hc_attn_norm.weight	f32	10240	1	1	1	40960
Qwen3.8-Flash-Next-APEX-I-Mini-00005-of-00006.gguf	31	blk.31.hc_attn_up.weight	q8_0	320	10240	1	1	3481600
Qwen3.8-Flash-Next-APEX-I-Mini-00005-of-00006.gguf	31	blk.31.hc_ffn_down.weight	q8_0	10240	320	1	1	3481600
Qwen3.8-Flash-Next-APEX-I-Mini-00005-of-00006.gguf	31	blk.31.hc_ffn_inject.weight	q8_0	10240	4	1	1	43520
Qwen3.8-Flash-Next-APEX-I-Mini-00005-of-00006.gguf	31	blk.31.hc_ffn_norm.weight	f32	10240	1	1	1	40960
Qwen3.8-Flash-Next-APEX-I-Mini-00005-of-00006.gguf	31	blk.31.hc_ffn_up.weight	q8_0	320	10240	1	1	3481600
Qwen3.8-Flash-Next-APEX-I-Mini-00005-of-00006.gguf	31	blk.31.indexer.k_norm.weight	f32	128	1	1	1	512
Qwen3.8-Flash-Next-APEX-I-Mini-00005-of-00006.gguf	31	blk.31.indexer.k_proj.weight	bf16	2560	128	1	1	655360
Qwen3.8-Flash-Next-APEX-I-Mini-00005-of-00006.gguf	31	blk.31.indexer.q_norm.weight	f32	128	1	1	1	512
Qwen3.8-Flash-Next-APEX-I-Mini-00005-of-00006.gguf	31	blk.31.indexer.q_proj.weight	bf16	2560	512	1	1	2621440
Qwen3.8-Flash-Next-APEX-I-Mini-00005-of-00006.gguf	32	blk.32.attn_gate.weight	q5_K	2560	6144	1	1	10813440
Qwen3.8-Flash-Next-APEX-I-Mini-00005-of-00006.gguf	32	blk.32.attn_qkv.weight	q5_K	2560	10240	1	1	18022400
Qwen3.8-Flash-Next-APEX-I-Mini-00005-of-00006.gguf	32	blk.32.ffn_down_exps.weight	iq4_nl	640	2560	512	1	471859200
Qwen3.8-Flash-Next-APEX-I-Mini-00005-of-00006.gguf	32	blk.32.ffn_down_shexp.weight	q8_0	640	2560	1	1	1740800
Qwen3.8-Flash-Next-APEX-I-Mini-00005-of-00006.gguf	32	blk.32.ffn_gate_exps.weight	iq2_xxs	2560	640	512	1	216268800
Qwen3.8-Flash-Next-APEX-I-Mini-00005-of-00006.gguf	32	blk.32.ffn_gate_inp.weight	f32	2560	512	1	1	5242880
Qwen3.8-Flash-Next-APEX-I-Mini-00005-of-00006.gguf	32	blk.32.ffn_gate_inp_shexp.weight	f32	2560	1	1	1	10240
Qwen3.8-Flash-Next-APEX-I-Mini-00005-of-00006.gguf	32	blk.32.ffn_gate_shexp.weight	q6_K	2560	640	1	1	1344000
Qwen3.8-Flash-Next-APEX-I-Mini-00005-of-00006.gguf	32	blk.32.ffn_up_exps.weight	iq2_xs	2560	640	512	1	242483200
Qwen3.8-Flash-Next-APEX-I-Mini-00005-of-00006.gguf	32	blk.32.ffn_up_shexp.weight	q6_K	2560	640	1	1	1344000
Qwen3.8-Flash-Next-APEX-I-Mini-00005-of-00006.gguf	32	blk.32.hc_attn_down.weight	q8_0	10240	320	1	1	3481600
Qwen3.8-Flash-Next-APEX-I-Mini-00005-of-00006.gguf	32	blk.32.hc_attn_inject.weight	q8_0	10240	4	1	1	43520
Qwen3.8-Flash-Next-APEX-I-Mini-00005-of-00006.gguf	32	blk.32.hc_attn_norm.weight	f32	10240	1	1	1	40960
Qwen3.8-Flash-Next-APEX-I-Mini-00005-of-00006.gguf	32	blk.32.hc_attn_up.weight	q8_0	320	10240	1	1	3481600
Qwen3.8-Flash-Next-APEX-I-Mini-00005-of-00006.gguf	32	blk.32.hc_ffn_down.weight	q8_0	10240	320	1	1	3481600
Qwen3.8-Flash-Next-APEX-I-Mini-00005-of-00006.gguf	32	blk.32.hc_ffn_inject.weight	q8_0	10240	4	1	1	43520
Qwen3.8-Flash-Next-APEX-I-Mini-00005-of-00006.gguf	32	blk.32.hc_ffn_norm.weight	f32	10240	1	1	1	40960
Qwen3.8-Flash-Next-APEX-I-Mini-00005-of-00006.gguf	32	blk.32.hc_ffn_up.weight	q8_0	320	10240	1	1	3481600
Qwen3.8-Flash-Next-APEX-I-Mini-00005-of-00006.gguf	32	blk.32.ssm_a	f32	48	1	1	1	192
Qwen3.8-Flash-Next-APEX-I-Mini-00005-of-00006.gguf	32	blk.32.ssm_alpha.weight	q6_K	2560	48	1	1	100800
Qwen3.8-Flash-Next-APEX-I-Mini-00005-of-00006.gguf	32	blk.32.ssm_beta.weight	q6_K	2560	48	1	1	100800
Qwen3.8-Flash-Next-APEX-I-Mini-00005-of-00006.gguf	32	blk.32.ssm_conv1d.weight	f32	4	10240	1	1	163840
Qwen3.8-Flash-Next-APEX-I-Mini-00005-of-00006.gguf	32	blk.32.ssm_dt.bias	f32	48	1	1	1	192
Qwen3.8-Flash-Next-APEX-I-Mini-00005-of-00006.gguf	32	blk.32.ssm_norm.weight	f32	128	1	1	1	512
Qwen3.8-Flash-Next-APEX-I-Mini-00005-of-00006.gguf	32	blk.32.ssm_out.weight	q5_K	6144	2560	1	1	10813440
Qwen3.8-Flash-Next-APEX-I-Mini-00005-of-00006.gguf	33	blk.33.attn_gate.weight	q5_K	2560	6144	1	1	10813440
Qwen3.8-Flash-Next-APEX-I-Mini-00005-of-00006.gguf	33	blk.33.attn_qkv.weight	q5_K	2560	10240	1	1	18022400
Qwen3.8-Flash-Next-APEX-I-Mini-00005-of-00006.gguf	33	blk.33.ffn_down_exps.weight	iq4_nl	640	2560	512	1	471859200
Qwen3.8-Flash-Next-APEX-I-Mini-00005-of-00006.gguf	33	blk.33.ffn_down_shexp.weight	q8_0	640	2560	1	1	1740800
Qwen3.8-Flash-Next-APEX-I-Mini-00005-of-00006.gguf	33	blk.33.ffn_gate_exps.weight	iq2_xxs	2560	640	512	1	216268800
Qwen3.8-Flash-Next-APEX-I-Mini-00005-of-00006.gguf	33	blk.33.ffn_gate_inp.weight	f32	2560	512	1	1	5242880
Qwen3.8-Flash-Next-APEX-I-Mini-00005-of-00006.gguf	33	blk.33.ffn_gate_inp_shexp.weight	f32	2560	1	1	1	10240
Qwen3.8-Flash-Next-APEX-I-Mini-00005-of-00006.gguf	33	blk.33.ffn_gate_shexp.weight	q6_K	2560	640	1	1	1344000
Qwen3.8-Flash-Next-APEX-I-Mini-00005-of-00006.gguf	33	blk.33.ffn_up_exps.weight	iq2_xs	2560	640	512	1	242483200
Qwen3.8-Flash-Next-APEX-I-Mini-00005-of-00006.gguf	33	blk.33.ffn_up_shexp.weight	q6_K	2560	640	1	1	1344000
Qwen3.8-Flash-Next-APEX-I-Mini-00005-of-00006.gguf	33	blk.33.hc_attn_down.weight	q8_0	10240	320	1	1	3481600
Qwen3.8-Flash-Next-APEX-I-Mini-00005-of-00006.gguf	33	blk.33.hc_attn_inject.weight	q8_0	10240	4	1	1	43520
Qwen3.8-Flash-Next-APEX-I-Mini-00005-of-00006.gguf	33	blk.33.hc_attn_norm.weight	f32	10240	1	1	1	40960
Qwen3.8-Flash-Next-APEX-I-Mini-00005-of-00006.gguf	33	blk.33.hc_attn_up.weight	q8_0	320	10240	1	1	3481600
Qwen3.8-Flash-Next-APEX-I-Mini-00005-of-00006.gguf	33	blk.33.hc_ffn_down.weight	q8_0	10240	320	1	1	3481600
Qwen3.8-Flash-Next-APEX-I-Mini-00005-of-00006.gguf	33	blk.33.hc_ffn_inject.weight	q8_0	10240	4	1	1	43520
Qwen3.8-Flash-Next-APEX-I-Mini-00005-of-00006.gguf	33	blk.33.hc_ffn_norm.weight	f32	10240	1	1	1	40960
Qwen3.8-Flash-Next-APEX-I-Mini-00005-of-00006.gguf	33	blk.33.hc_ffn_up.weight	q8_0	320	10240	1	1	3481600
Qwen3.8-Flash-Next-APEX-I-Mini-00005-of-00006.gguf	33	blk.33.ssm_a	f32	48	1	1	1	192
Qwen3.8-Flash-Next-APEX-I-Mini-00005-of-00006.gguf	33	blk.33.ssm_alpha.weight	q6_K	2560	48	1	1	100800
Qwen3.8-Flash-Next-APEX-I-Mini-00005-of-00006.gguf	33	blk.33.ssm_beta.weight	q6_K	2560	48	1	1	100800
Qwen3.8-Flash-Next-APEX-I-Mini-00005-of-00006.gguf	33	blk.33.ssm_conv1d.weight	f32	4	10240	1	1	163840
Qwen3.8-Flash-Next-APEX-I-Mini-00005-of-00006.gguf	33	blk.33.ssm_dt.bias	f32	48	1	1	1	192
Qwen3.8-Flash-Next-APEX-I-Mini-00005-of-00006.gguf	33	blk.33.ssm_norm.weight	f32	128	1	1	1	512
Qwen3.8-Flash-Next-APEX-I-Mini-00005-of-00006.gguf	33	blk.33.ssm_out.weight	q5_K	6144	2560	1	1	10813440
Qwen3.8-Flash-Next-APEX-I-Mini-00005-of-00006.gguf	34	blk.34.attn_gate.weight	q5_K	2560	6144	1	1	10813440
Qwen3.8-Flash-Next-APEX-I-Mini-00005-of-00006.gguf	34	blk.34.attn_qkv.weight	q5_K	2560	10240	1	1	18022400
Qwen3.8-Flash-Next-APEX-I-Mini-00005-of-00006.gguf	34	blk.34.ffn_down_exps.weight	iq4_nl	640	2560	512	1	471859200
Qwen3.8-Flash-Next-APEX-I-Mini-00005-of-00006.gguf	34	blk.34.ffn_down_shexp.weight	q8_0	640	2560	1	1	1740800
Qwen3.8-Flash-Next-APEX-I-Mini-00005-of-00006.gguf	34	blk.34.ffn_gate_exps.weight	iq2_xxs	2560	640	512	1	216268800
Qwen3.8-Flash-Next-APEX-I-Mini-00005-of-00006.gguf	34	blk.34.ffn_gate_inp.weight	f32	2560	512	1	1	5242880
Qwen3.8-Flash-Next-APEX-I-Mini-00005-of-00006.gguf	34	blk.34.ffn_gate_inp_shexp.weight	f32	2560	1	1	1	10240
Qwen3.8-Flash-Next-APEX-I-Mini-00005-of-00006.gguf	34	blk.34.ffn_gate_shexp.weight	q6_K	2560	640	1	1	1344000
Qwen3.8-Flash-Next-APEX-I-Mini-00005-of-00006.gguf	34	blk.34.ffn_up_exps.weight	iq2_xs	2560	640	512	1	242483200
Qwen3.8-Flash-Next-APEX-I-Mini-00005-of-00006.gguf	34	blk.34.ffn_up_shexp.weight	q6_K	2560	640	1	1	1344000
Qwen3.8-Flash-Next-APEX-I-Mini-00005-of-00006.gguf	34	blk.34.hc_attn_down.weight	q8_0	10240	320	1	1	3481600
Qwen3.8-Flash-Next-APEX-I-Mini-00005-of-00006.gguf	34	blk.34.hc_attn_inject.weight	q8_0	10240	4	1	1	43520
Qwen3.8-Flash-Next-APEX-I-Mini-00005-of-00006.gguf	34	blk.34.hc_attn_norm.weight	f32	10240	1	1	1	40960
Qwen3.8-Flash-Next-APEX-I-Mini-00005-of-00006.gguf	34	blk.34.hc_attn_up.weight	q8_0	320	10240	1	1	3481600
Qwen3.8-Flash-Next-APEX-I-Mini-00005-of-00006.gguf	34	blk.34.hc_ffn_down.weight	q8_0	10240	320	1	1	3481600
Qwen3.8-Flash-Next-APEX-I-Mini-00005-of-00006.gguf	34	blk.34.hc_ffn_inject.weight	q8_0	10240	4	1	1	43520
Qwen3.8-Flash-Next-APEX-I-Mini-00005-of-00006.gguf	34	blk.34.hc_ffn_norm.weight	f32	10240	1	1	1	40960
Qwen3.8-Flash-Next-APEX-I-Mini-00005-of-00006.gguf	34	blk.34.hc_ffn_up.weight	q8_0	320	10240	1	1	3481600
Qwen3.8-Flash-Next-APEX-I-Mini-00005-of-00006.gguf	34	blk.34.ssm_a	f32	48	1	1	1	192
Qwen3.8-Flash-Next-APEX-I-Mini-00005-of-00006.gguf	34	blk.34.ssm_alpha.weight	q6_K	2560	48	1	1	100800
Qwen3.8-Flash-Next-APEX-I-Mini-00005-of-00006.gguf	34	blk.34.ssm_beta.weight	q6_K	2560	48	1	1	100800
Qwen3.8-Flash-Next-APEX-I-Mini-00005-of-00006.gguf	34	blk.34.ssm_conv1d.weight	f32	4	10240	1	1	163840
Qwen3.8-Flash-Next-APEX-I-Mini-00005-of-00006.gguf	34	blk.34.ssm_dt.bias	f32	48	1	1	1	192
Qwen3.8-Flash-Next-APEX-I-Mini-00005-of-00006.gguf	34	blk.34.ssm_norm.weight	f32	128	1	1	1	512
Qwen3.8-Flash-Next-APEX-I-Mini-00005-of-00006.gguf	34	blk.34.ssm_out.weight	q5_K	6144	2560	1	1	10813440
Qwen3.8-Flash-Next-APEX-I-Mini-00005-of-00006.gguf	35	blk.35.attn_k.weight	q6_K	2560	512	1	1	1075200
Qwen3.8-Flash-Next-APEX-I-Mini-00005-of-00006.gguf	35	blk.35.attn_k_norm.weight	f32	256	1	1	1	1024
Qwen3.8-Flash-Next-APEX-I-Mini-00005-of-00006.gguf	35	blk.35.attn_output.weight	q5_K	6144	2560	1	1	10813440
Qwen3.8-Flash-Next-APEX-I-Mini-00005-of-00006.gguf	35	blk.35.attn_q.weight	q5_K	2560	12288	1	1	21626880
Qwen3.8-Flash-Next-APEX-I-Mini-00005-of-00006.gguf	35	blk.35.attn_q_norm.weight	f32	256	1	1	1	1024
Qwen3.8-Flash-Next-APEX-I-Mini-00005-of-00006.gguf	35	blk.35.attn_v.weight	q6_K	2560	512	1	1	1075200
Qwen3.8-Flash-Next-APEX-I-Mini-00005-of-00006.gguf	35	blk.35.ffn_down_exps.weight	iq4_nl	640	2560	512	1	471859200
Qwen3.8-Flash-Next-APEX-I-Mini-00005-of-00006.gguf	35	blk.35.ffn_down_shexp.weight	q8_0	640	2560	1	1	1740800
Qwen3.8-Flash-Next-APEX-I-Mini-00005-of-00006.gguf	35	blk.35.ffn_gate_exps.weight	iq2_xxs	2560	640	512	1	216268800
Qwen3.8-Flash-Next-APEX-I-Mini-00005-of-00006.gguf	35	blk.35.ffn_gate_inp.weight	f32	2560	512	1	1	5242880
Qwen3.8-Flash-Next-APEX-I-Mini-00005-of-00006.gguf	35	blk.35.ffn_gate_inp_shexp.weight	f32	2560	1	1	1	10240
Qwen3.8-Flash-Next-APEX-I-Mini-00005-of-00006.gguf	35	blk.35.ffn_gate_shexp.weight	q6_K	2560	640	1	1	1344000
Qwen3.8-Flash-Next-APEX-I-Mini-00005-of-00006.gguf	35	blk.35.ffn_up_exps.weight	iq2_xs	2560	640	512	1	242483200
Qwen3.8-Flash-Next-APEX-I-Mini-00005-of-00006.gguf	35	blk.35.ffn_up_shexp.weight	q6_K	2560	640	1	1	1344000
Qwen3.8-Flash-Next-APEX-I-Mini-00005-of-00006.gguf	35	blk.35.hc_attn_down.weight	q8_0	10240	320	1	1	3481600
Qwen3.8-Flash-Next-APEX-I-Mini-00005-of-00006.gguf	35	blk.35.hc_attn_inject.weight	q8_0	10240	4	1	1	43520
Qwen3.8-Flash-Next-APEX-I-Mini-00005-of-00006.gguf	35	blk.35.hc_attn_norm.weight	f32	10240	1	1	1	40960
Qwen3.8-Flash-Next-APEX-I-Mini-00005-of-00006.gguf	35	blk.35.hc_attn_up.weight	q8_0	320	10240	1	1	3481600
Qwen3.8-Flash-Next-APEX-I-Mini-00005-of-00006.gguf	35	blk.35.hc_ffn_down.weight	q8_0	10240	320	1	1	3481600
Qwen3.8-Flash-Next-APEX-I-Mini-00005-of-00006.gguf	35	blk.35.hc_ffn_inject.weight	q8_0	10240	4	1	1	43520
Qwen3.8-Flash-Next-APEX-I-Mini-00005-of-00006.gguf	35	blk.35.hc_ffn_norm.weight	f32	10240	1	1	1	40960
Qwen3.8-Flash-Next-APEX-I-Mini-00005-of-00006.gguf	35	blk.35.hc_ffn_up.weight	q8_0	320	10240	1	1	3481600
Qwen3.8-Flash-Next-APEX-I-Mini-00005-of-00006.gguf	35	blk.35.indexer.k_norm.weight	f32	128	1	1	1	512
Qwen3.8-Flash-Next-APEX-I-Mini-00005-of-00006.gguf	35	blk.35.indexer.k_proj.weight	bf16	2560	128	1	1	655360
Qwen3.8-Flash-Next-APEX-I-Mini-00005-of-00006.gguf	35	blk.35.indexer.q_norm.weight	f32	128	1	1	1	512
Qwen3.8-Flash-Next-APEX-I-Mini-00005-of-00006.gguf	35	blk.35.indexer.q_proj.weight	bf16	2560	512	1	1	2621440
Qwen3.8-Flash-Next-APEX-I-Mini-00005-of-00006.gguf	36	blk.36.attn_gate.weight	q5_K	2560	6144	1	1	10813440
Qwen3.8-Flash-Next-APEX-I-Mini-00005-of-00006.gguf	36	blk.36.attn_qkv.weight	q5_K	2560	10240	1	1	18022400
Qwen3.8-Flash-Next-APEX-I-Mini-00005-of-00006.gguf	36	blk.36.ffn_down_exps.weight	iq4_nl	640	2560	512	1	471859200
Qwen3.8-Flash-Next-APEX-I-Mini-00005-of-00006.gguf	36	blk.36.ffn_down_shexp.weight	q8_0	640	2560	1	1	1740800
Qwen3.8-Flash-Next-APEX-I-Mini-00005-of-00006.gguf	36	blk.36.ffn_gate_exps.weight	iq2_xxs	2560	640	512	1	216268800
Qwen3.8-Flash-Next-APEX-I-Mini-00005-of-00006.gguf	36	blk.36.ffn_gate_inp.weight	f32	2560	512	1	1	5242880
Qwen3.8-Flash-Next-APEX-I-Mini-00005-of-00006.gguf	36	blk.36.ffn_gate_inp_shexp.weight	f32	2560	1	1	1	10240
Qwen3.8-Flash-Next-APEX-I-Mini-00005-of-00006.gguf	36	blk.36.ffn_gate_shexp.weight	q6_K	2560	640	1	1	1344000
Qwen3.8-Flash-Next-APEX-I-Mini-00005-of-00006.gguf	36	blk.36.ffn_up_exps.weight	iq2_xs	2560	640	512	1	242483200
Qwen3.8-Flash-Next-APEX-I-Mini-00005-of-00006.gguf	36	blk.36.ffn_up_shexp.weight	q6_K	2560	640	1	1	1344000
Qwen3.8-Flash-Next-APEX-I-Mini-00005-of-00006.gguf	36	blk.36.hc_attn_down.weight	q8_0	10240	320	1	1	3481600
Qwen3.8-Flash-Next-APEX-I-Mini-00005-of-00006.gguf	36	blk.36.hc_attn_inject.weight	q8_0	10240	4	1	1	43520
Qwen3.8-Flash-Next-APEX-I-Mini-00005-of-00006.gguf	36	blk.36.hc_attn_norm.weight	f32	10240	1	1	1	40960
Qwen3.8-Flash-Next-APEX-I-Mini-00005-of-00006.gguf	36	blk.36.hc_attn_up.weight	q8_0	320	10240	1	1	3481600
Qwen3.8-Flash-Next-APEX-I-Mini-00005-of-00006.gguf	36	blk.36.hc_ffn_down.weight	q8_0	10240	320	1	1	3481600
Qwen3.8-Flash-Next-APEX-I-Mini-00005-of-00006.gguf	36	blk.36.hc_ffn_inject.weight	q8_0	10240	4	1	1	43520
Qwen3.8-Flash-Next-APEX-I-Mini-00005-of-00006.gguf	36	blk.36.hc_ffn_norm.weight	f32	10240	1	1	1	40960
Qwen3.8-Flash-Next-APEX-I-Mini-00005-of-00006.gguf	36	blk.36.hc_ffn_up.weight	q8_0	320	10240	1	1	3481600
Qwen3.8-Flash-Next-APEX-I-Mini-00005-of-00006.gguf	36	blk.36.ssm_a	f32	48	1	1	1	192
Qwen3.8-Flash-Next-APEX-I-Mini-00005-of-00006.gguf	36	blk.36.ssm_alpha.weight	q6_K	2560	48	1	1	100800
Qwen3.8-Flash-Next-APEX-I-Mini-00005-of-00006.gguf	36	blk.36.ssm_beta.weight	q6_K	2560	48	1	1	100800
Qwen3.8-Flash-Next-APEX-I-Mini-00005-of-00006.gguf	36	blk.36.ssm_conv1d.weight	f32	4	10240	1	1	163840
Qwen3.8-Flash-Next-APEX-I-Mini-00005-of-00006.gguf	36	blk.36.ssm_dt.bias	f32	48	1	1	1	192
Qwen3.8-Flash-Next-APEX-I-Mini-00005-of-00006.gguf	36	blk.36.ssm_norm.weight	f32	128	1	1	1	512
Qwen3.8-Flash-Next-APEX-I-Mini-00005-of-00006.gguf	36	blk.36.ssm_out.weight	q5_K	6144	2560	1	1	10813440
Qwen3.8-Flash-Next-APEX-I-Mini-00005-of-00006.gguf	37	blk.37.attn_gate.weight	q5_K	2560	6144	1	1	10813440
Qwen3.8-Flash-Next-APEX-I-Mini-00005-of-00006.gguf	37	blk.37.attn_qkv.weight	q5_K	2560	10240	1	1	18022400
Qwen3.8-Flash-Next-APEX-I-Mini-00005-of-00006.gguf	37	blk.37.ffn_down_exps.weight	iq4_nl	640	2560	512	1	471859200
Qwen3.8-Flash-Next-APEX-I-Mini-00005-of-00006.gguf	37	blk.37.ffn_down_shexp.weight	q8_0	640	2560	1	1	1740800
Qwen3.8-Flash-Next-APEX-I-Mini-00005-of-00006.gguf	37	blk.37.ffn_gate_exps.weight	iq2_xxs	2560	640	512	1	216268800
Qwen3.8-Flash-Next-APEX-I-Mini-00005-of-00006.gguf	37	blk.37.ffn_gate_inp.weight	f32	2560	512	1	1	5242880
Qwen3.8-Flash-Next-APEX-I-Mini-00005-of-00006.gguf	37	blk.37.ffn_gate_inp_shexp.weight	f32	2560	1	1	1	10240
Qwen3.8-Flash-Next-APEX-I-Mini-00005-of-00006.gguf	37	blk.37.ffn_gate_shexp.weight	q6_K	2560	640	1	1	1344000
Qwen3.8-Flash-Next-APEX-I-Mini-00005-of-00006.gguf	37	blk.37.ffn_up_exps.weight	iq2_xs	2560	640	512	1	242483200
Qwen3.8-Flash-Next-APEX-I-Mini-00005-of-00006.gguf	37	blk.37.ffn_up_shexp.weight	q6_K	2560	640	1	1	1344000
Qwen3.8-Flash-Next-APEX-I-Mini-00005-of-00006.gguf	37	blk.37.hc_attn_down.weight	q8_0	10240	320	1	1	3481600
Qwen3.8-Flash-Next-APEX-I-Mini-00005-of-00006.gguf	37	blk.37.hc_attn_inject.weight	q8_0	10240	4	1	1	43520
Qwen3.8-Flash-Next-APEX-I-Mini-00005-of-00006.gguf	37	blk.37.hc_attn_norm.weight	f32	10240	1	1	1	40960
Qwen3.8-Flash-Next-APEX-I-Mini-00005-of-00006.gguf	37	blk.37.hc_attn_up.weight	q8_0	320	10240	1	1	3481600
Qwen3.8-Flash-Next-APEX-I-Mini-00005-of-00006.gguf	37	blk.37.hc_ffn_down.weight	q8_0	10240	320	1	1	3481600
Qwen3.8-Flash-Next-APEX-I-Mini-00005-of-00006.gguf	37	blk.37.hc_ffn_inject.weight	q8_0	10240	4	1	1	43520
Qwen3.8-Flash-Next-APEX-I-Mini-00005-of-00006.gguf	37	blk.37.hc_ffn_norm.weight	f32	10240	1	1	1	40960
Qwen3.8-Flash-Next-APEX-I-Mini-00005-of-00006.gguf	37	blk.37.hc_ffn_up.weight	q8_0	320	10240	1	1	3481600
Qwen3.8-Flash-Next-APEX-I-Mini-00005-of-00006.gguf	37	blk.37.ssm_a	f32	48	1	1	1	192
Qwen3.8-Flash-Next-APEX-I-Mini-00005-of-00006.gguf	37	blk.37.ssm_alpha.weight	q6_K	2560	48	1	1	100800
Qwen3.8-Flash-Next-APEX-I-Mini-00005-of-00006.gguf	37	blk.37.ssm_beta.weight	q6_K	2560	48	1	1	100800
Qwen3.8-Flash-Next-APEX-I-Mini-00005-of-00006.gguf	37	blk.37.ssm_conv1d.weight	f32	4	10240	1	1	163840
Qwen3.8-Flash-Next-APEX-I-Mini-00005-of-00006.gguf	37	blk.37.ssm_dt.bias	f32	48	1	1	1	192
Qwen3.8-Flash-Next-APEX-I-Mini-00005-of-00006.gguf	37	blk.37.ssm_norm.weight	f32	128	1	1	1	512
Qwen3.8-Flash-Next-APEX-I-Mini-00005-of-00006.gguf	37	blk.37.ssm_out.weight	q5_K	6144	2560	1	1	10813440
Qwen3.8-Flash-Next-APEX-I-Mini-00005-of-00006.gguf	38	blk.38.attn_gate.weight	q5_K	2560	6144	1	1	10813440
Qwen3.8-Flash-Next-APEX-I-Mini-00005-of-00006.gguf	38	blk.38.attn_qkv.weight	q5_K	2560	10240	1	1	18022400
Qwen3.8-Flash-Next-APEX-I-Mini-00005-of-00006.gguf	38	blk.38.ffn_down_exps.weight	iq4_nl	640	2560	512	1	471859200
Qwen3.8-Flash-Next-APEX-I-Mini-00005-of-00006.gguf	38	blk.38.ffn_down_shexp.weight	q8_0	640	2560	1	1	1740800
Qwen3.8-Flash-Next-APEX-I-Mini-00005-of-00006.gguf	38	blk.38.ffn_gate_exps.weight	iq2_xxs	2560	640	512	1	216268800
Qwen3.8-Flash-Next-APEX-I-Mini-00005-of-00006.gguf	38	blk.38.ffn_gate_inp.weight	f32	2560	512	1	1	5242880
Qwen3.8-Flash-Next-APEX-I-Mini-00005-of-00006.gguf	38	blk.38.ffn_gate_inp_shexp.weight	f32	2560	1	1	1	10240
Qwen3.8-Flash-Next-APEX-I-Mini-00005-of-00006.gguf	38	blk.38.ffn_gate_shexp.weight	q6_K	2560	640	1	1	1344000
Qwen3.8-Flash-Next-APEX-I-Mini-00005-of-00006.gguf	38	blk.38.ffn_up_exps.weight	iq2_xs	2560	640	512	1	242483200
Qwen3.8-Flash-Next-APEX-I-Mini-00005-of-00006.gguf	38	blk.38.ffn_up_shexp.weight	q6_K	2560	640	1	1	1344000
Qwen3.8-Flash-Next-APEX-I-Mini-00005-of-00006.gguf	38	blk.38.hc_attn_down.weight	q8_0	10240	320	1	1	3481600
Qwen3.8-Flash-Next-APEX-I-Mini-00005-of-00006.gguf	38	blk.38.hc_attn_inject.weight	q8_0	10240	4	1	1	43520
Qwen3.8-Flash-Next-APEX-I-Mini-00005-of-00006.gguf	38	blk.38.hc_attn_norm.weight	f32	10240	1	1	1	40960
Qwen3.8-Flash-Next-APEX-I-Mini-00005-of-00006.gguf	38	blk.38.hc_attn_up.weight	q8_0	320	10240	1	1	3481600
Qwen3.8-Flash-Next-APEX-I-Mini-00005-of-00006.gguf	38	blk.38.hc_ffn_down.weight	q8_0	10240	320	1	1	3481600
Qwen3.8-Flash-Next-APEX-I-Mini-00005-of-00006.gguf	38	blk.38.hc_ffn_inject.weight	q8_0	10240	4	1	1	43520
Qwen3.8-Flash-Next-APEX-I-Mini-00005-of-00006.gguf	38	blk.38.hc_ffn_norm.weight	f32	10240	1	1	1	40960
Qwen3.8-Flash-Next-APEX-I-Mini-00005-of-00006.gguf	38	blk.38.hc_ffn_up.weight	q8_0	320	10240	1	1	3481600
Qwen3.8-Flash-Next-APEX-I-Mini-00005-of-00006.gguf	38	blk.38.ssm_a	f32	48	1	1	1	192
Qwen3.8-Flash-Next-APEX-I-Mini-00005-of-00006.gguf	38	blk.38.ssm_alpha.weight	q6_K	2560	48	1	1	100800
Qwen3.8-Flash-Next-APEX-I-Mini-00005-of-00006.gguf	38	blk.38.ssm_beta.weight	q6_K	2560	48	1	1	100800
Qwen3.8-Flash-Next-APEX-I-Mini-00005-of-00006.gguf	38	blk.38.ssm_conv1d.weight	f32	4	10240	1	1	163840
Qwen3.8-Flash-Next-APEX-I-Mini-00005-of-00006.gguf	38	blk.38.ssm_dt.bias	f32	48	1	1	1	192
Qwen3.8-Flash-Next-APEX-I-Mini-00005-of-00006.gguf	38	blk.38.ssm_norm.weight	f32	128	1	1	1	512
Qwen3.8-Flash-Next-APEX-I-Mini-00005-of-00006.gguf	38	blk.38.ssm_out.weight	q5_K	6144	2560	1	1	10813440
Qwen3.8-Flash-Next-APEX-I-Mini-00005-of-00006.gguf	39	blk.39.attn_k.weight	q6_K	2560	512	1	1	1075200
Qwen3.8-Flash-Next-APEX-I-Mini-00005-of-00006.gguf	39	blk.39.attn_k_norm.weight	f32	256	1	1	1	1024
Qwen3.8-Flash-Next-APEX-I-Mini-00005-of-00006.gguf	39	blk.39.attn_output.weight	q5_K	6144	2560	1	1	10813440
Qwen3.8-Flash-Next-APEX-I-Mini-00005-of-00006.gguf	39	blk.39.attn_q.weight	q5_K	2560	12288	1	1	21626880
Qwen3.8-Flash-Next-APEX-I-Mini-00005-of-00006.gguf	39	blk.39.attn_q_norm.weight	f32	256	1	1	1	1024
Qwen3.8-Flash-Next-APEX-I-Mini-00005-of-00006.gguf	39	blk.39.attn_v.weight	q6_K	2560	512	1	1	1075200
Qwen3.8-Flash-Next-APEX-I-Mini-00005-of-00006.gguf	39	blk.39.ffn_down_exps.weight	iq4_nl	640	2560	512	1	471859200
Qwen3.8-Flash-Next-APEX-I-Mini-00005-of-00006.gguf	39	blk.39.ffn_down_shexp.weight	q8_0	640	2560	1	1	1740800
Qwen3.8-Flash-Next-APEX-I-Mini-00005-of-00006.gguf	39	blk.39.ffn_gate_exps.weight	iq2_xxs	2560	640	512	1	216268800
Qwen3.8-Flash-Next-APEX-I-Mini-00005-of-00006.gguf	39	blk.39.ffn_gate_inp.weight	f32	2560	512	1	1	5242880
Qwen3.8-Flash-Next-APEX-I-Mini-00005-of-00006.gguf	39	blk.39.ffn_gate_inp_shexp.weight	f32	2560	1	1	1	10240
Qwen3.8-Flash-Next-APEX-I-Mini-00005-of-00006.gguf	39	blk.39.ffn_gate_shexp.weight	q6_K	2560	640	1	1	1344000
Qwen3.8-Flash-Next-APEX-I-Mini-00005-of-00006.gguf	39	blk.39.ffn_up_exps.weight	iq2_xs	2560	640	512	1	242483200
Qwen3.8-Flash-Next-APEX-I-Mini-00005-of-00006.gguf	39	blk.39.ffn_up_shexp.weight	q6_K	2560	640	1	1	1344000
Qwen3.8-Flash-Next-APEX-I-Mini-00005-of-00006.gguf	39	blk.39.hc_attn_down.weight	q8_0	10240	320	1	1	3481600
Qwen3.8-Flash-Next-APEX-I-Mini-00005-of-00006.gguf	39	blk.39.hc_attn_inject.weight	q8_0	10240	4	1	1	43520
Qwen3.8-Flash-Next-APEX-I-Mini-00005-of-00006.gguf	39	blk.39.hc_attn_norm.weight	f32	10240	1	1	1	40960
Qwen3.8-Flash-Next-APEX-I-Mini-00005-of-00006.gguf	39	blk.39.hc_attn_up.weight	q8_0	320	10240	1	1	3481600
Qwen3.8-Flash-Next-APEX-I-Mini-00005-of-00006.gguf	39	blk.39.hc_ffn_down.weight	q8_0	10240	320	1	1	3481600
Qwen3.8-Flash-Next-APEX-I-Mini-00005-of-00006.gguf	39	blk.39.hc_ffn_inject.weight	q8_0	10240	4	1	1	43520
Qwen3.8-Flash-Next-APEX-I-Mini-00005-of-00006.gguf	39	blk.39.hc_ffn_norm.weight	f32	10240	1	1	1	40960
Qwen3.8-Flash-Next-APEX-I-Mini-00005-of-00006.gguf	39	blk.39.hc_ffn_up.weight	q8_0	320	10240	1	1	3481600
Qwen3.8-Flash-Next-APEX-I-Mini-00005-of-00006.gguf	39	blk.39.indexer.k_norm.weight	f32	128	1	1	1	512
Qwen3.8-Flash-Next-APEX-I-Mini-00005-of-00006.gguf	39	blk.39.indexer.k_proj.weight	bf16	2560	128	1	1	655360
Qwen3.8-Flash-Next-APEX-I-Mini-00005-of-00006.gguf	39	blk.39.indexer.q_norm.weight	f32	128	1	1	1	512
Qwen3.8-Flash-Next-APEX-I-Mini-00005-of-00006.gguf	39	blk.39.indexer.q_proj.weight	bf16	2560	512	1	1	2621440
Qwen3.8-Flash-Next-APEX-I-Mini-00005-of-00006.gguf	40	blk.40.attn_gate.weight	q5_K	2560	6144	1	1	10813440
Qwen3.8-Flash-Next-APEX-I-Mini-00005-of-00006.gguf	40	blk.40.attn_qkv.weight	q5_K	2560	10240	1	1	18022400
Qwen3.8-Flash-Next-APEX-I-Mini-00005-of-00006.gguf	40	blk.40.ffn_down_exps.weight	iq4_nl	640	2560	512	1	471859200
Qwen3.8-Flash-Next-APEX-I-Mini-00005-of-00006.gguf	40	blk.40.ffn_down_shexp.weight	q8_0	640	2560	1	1	1740800
Qwen3.8-Flash-Next-APEX-I-Mini-00005-of-00006.gguf	40	blk.40.ffn_gate_exps.weight	iq2_xxs	2560	640	512	1	216268800
Qwen3.8-Flash-Next-APEX-I-Mini-00005-of-00006.gguf	40	blk.40.ffn_gate_inp.weight	f32	2560	512	1	1	5242880
Qwen3.8-Flash-Next-APEX-I-Mini-00005-of-00006.gguf	40	blk.40.ffn_gate_inp_shexp.weight	f32	2560	1	1	1	10240
Qwen3.8-Flash-Next-APEX-I-Mini-00005-of-00006.gguf	40	blk.40.ffn_gate_shexp.weight	q6_K	2560	640	1	1	1344000
Qwen3.8-Flash-Next-APEX-I-Mini-00005-of-00006.gguf	40	blk.40.ffn_up_exps.weight	iq2_xs	2560	640	512	1	242483200
Qwen3.8-Flash-Next-APEX-I-Mini-00005-of-00006.gguf	40	blk.40.ffn_up_shexp.weight	q6_K	2560	640	1	1	1344000
Qwen3.8-Flash-Next-APEX-I-Mini-00005-of-00006.gguf	40	blk.40.hc_attn_down.weight	q8_0	10240	320	1	1	3481600
Qwen3.8-Flash-Next-APEX-I-Mini-00005-of-00006.gguf	40	blk.40.hc_attn_inject.weight	q8_0	10240	4	1	1	43520
Qwen3.8-Flash-Next-APEX-I-Mini-00005-of-00006.gguf	40	blk.40.hc_attn_norm.weight	f32	10240	1	1	1	40960
Qwen3.8-Flash-Next-APEX-I-Mini-00005-of-00006.gguf	40	blk.40.hc_attn_up.weight	q8_0	320	10240	1	1	3481600
Qwen3.8-Flash-Next-APEX-I-Mini-00005-of-00006.gguf	40	blk.40.hc_ffn_down.weight	q8_0	10240	320	1	1	3481600
Qwen3.8-Flash-Next-APEX-I-Mini-00005-of-00006.gguf	40	blk.40.hc_ffn_inject.weight	q8_0	10240	4	1	1	43520
Qwen3.8-Flash-Next-APEX-I-Mini-00005-of-00006.gguf	40	blk.40.hc_ffn_norm.weight	f32	10240	1	1	1	40960
Qwen3.8-Flash-Next-APEX-I-Mini-00005-of-00006.gguf	40	blk.40.hc_ffn_up.weight	q8_0	320	10240	1	1	3481600
Qwen3.8-Flash-Next-APEX-I-Mini-00005-of-00006.gguf	40	blk.40.ssm_a	f32	48	1	1	1	192
Qwen3.8-Flash-Next-APEX-I-Mini-00005-of-00006.gguf	40	blk.40.ssm_alpha.weight	q6_K	2560	48	1	1	100800
Qwen3.8-Flash-Next-APEX-I-Mini-00005-of-00006.gguf	40	blk.40.ssm_beta.weight	q6_K	2560	48	1	1	100800
Qwen3.8-Flash-Next-APEX-I-Mini-00005-of-00006.gguf	40	blk.40.ssm_conv1d.weight	f32	4	10240	1	1	163840
Qwen3.8-Flash-Next-APEX-I-Mini-00005-of-00006.gguf	40	blk.40.ssm_dt.bias	f32	48	1	1	1	192
Qwen3.8-Flash-Next-APEX-I-Mini-00005-of-00006.gguf	40	blk.40.ssm_norm.weight	f32	128	1	1	1	512
Qwen3.8-Flash-Next-APEX-I-Mini-00005-of-00006.gguf	40	blk.40.ssm_out.weight	q5_K	6144	2560	1	1	10813440
Qwen3.8-Flash-Next-APEX-I-Mini-00005-of-00006.gguf	41	blk.41.attn_gate.weight	q5_K	2560	6144	1	1	10813440
Qwen3.8-Flash-Next-APEX-I-Mini-00005-of-00006.gguf	41	blk.41.attn_qkv.weight	q5_K	2560	10240	1	1	18022400
Qwen3.8-Flash-Next-APEX-I-Mini-00005-of-00006.gguf	41	blk.41.ffn_down_exps.weight	iq4_nl	640	2560	512	1	471859200
Qwen3.8-Flash-Next-APEX-I-Mini-00005-of-00006.gguf	41	blk.41.ffn_down_shexp.weight	q8_0	640	2560	1	1	1740800
Qwen3.8-Flash-Next-APEX-I-Mini-00005-of-00006.gguf	41	blk.41.ffn_gate_exps.weight	iq2_xs	2560	640	512	1	242483200
Qwen3.8-Flash-Next-APEX-I-Mini-00005-of-00006.gguf	41	blk.41.ffn_gate_inp.weight	f32	2560	512	1	1	5242880
Qwen3.8-Flash-Next-APEX-I-Mini-00005-of-00006.gguf	41	blk.41.ffn_gate_inp_shexp.weight	f32	2560	1	1	1	10240
Qwen3.8-Flash-Next-APEX-I-Mini-00005-of-00006.gguf	41	blk.41.ffn_gate_shexp.weight	q6_K	2560	640	1	1	1344000
Qwen3.8-Flash-Next-APEX-I-Mini-00005-of-00006.gguf	41	blk.41.ffn_up_exps.weight	iq2_s	2560	640	512	1	268697600
Qwen3.8-Flash-Next-APEX-I-Mini-00005-of-00006.gguf	41	blk.41.ffn_up_shexp.weight	q6_K	2560	640	1	1	1344000
Qwen3.8-Flash-Next-APEX-I-Mini-00005-of-00006.gguf	41	blk.41.hc_attn_down.weight	q8_0	10240	320	1	1	3481600
Qwen3.8-Flash-Next-APEX-I-Mini-00005-of-00006.gguf	41	blk.41.hc_attn_inject.weight	q8_0	10240	4	1	1	43520
Qwen3.8-Flash-Next-APEX-I-Mini-00005-of-00006.gguf	41	blk.41.hc_attn_norm.weight	f32	10240	1	1	1	40960
Qwen3.8-Flash-Next-APEX-I-Mini-00005-of-00006.gguf	41	blk.41.hc_attn_up.weight	q8_0	320	10240	1	1	3481600
Qwen3.8-Flash-Next-APEX-I-Mini-00005-of-00006.gguf	41	blk.41.hc_ffn_down.weight	q8_0	10240	320	1	1	3481600
Qwen3.8-Flash-Next-APEX-I-Mini-00005-of-00006.gguf	41	blk.41.hc_ffn_inject.weight	q8_0	10240	4	1	1	43520
Qwen3.8-Flash-Next-APEX-I-Mini-00005-of-00006.gguf	41	blk.41.hc_ffn_norm.weight	f32	10240	1	1	1	40960
Qwen3.8-Flash-Next-APEX-I-Mini-00005-of-00006.gguf	41	blk.41.hc_ffn_up.weight	q8_0	320	10240	1	1	3481600
Qwen3.8-Flash-Next-APEX-I-Mini-00005-of-00006.gguf	41	blk.41.ssm_a	f32	48	1	1	1	192
Qwen3.8-Flash-Next-APEX-I-Mini-00005-of-00006.gguf	41	blk.41.ssm_alpha.weight	q6_K	2560	48	1	1	100800
Qwen3.8-Flash-Next-APEX-I-Mini-00005-of-00006.gguf	41	blk.41.ssm_beta.weight	q6_K	2560	48	1	1	100800
Qwen3.8-Flash-Next-APEX-I-Mini-00005-of-00006.gguf	41	blk.41.ssm_conv1d.weight	f32	4	10240	1	1	163840
Qwen3.8-Flash-Next-APEX-I-Mini-00005-of-00006.gguf	41	blk.41.ssm_dt.bias	f32	48	1	1	1	192
Qwen3.8-Flash-Next-APEX-I-Mini-00005-of-00006.gguf	41	blk.41.ssm_norm.weight	f32	128	1	1	1	512
Qwen3.8-Flash-Next-APEX-I-Mini-00005-of-00006.gguf	41	blk.41.ssm_out.weight	q5_K	6144	2560	1	1	10813440
Qwen3.8-Flash-Next-APEX-I-Mini-00005-of-00006.gguf	42	blk.42.attn_gate.weight	q5_K	2560	6144	1	1	10813440
Qwen3.8-Flash-Next-APEX-I-Mini-00005-of-00006.gguf	42	blk.42.attn_qkv.weight	q5_K	2560	10240	1	1	18022400
Qwen3.8-Flash-Next-APEX-I-Mini-00005-of-00006.gguf	42	blk.42.ffn_down_exps.weight	iq4_nl	640	2560	512	1	471859200
Qwen3.8-Flash-Next-APEX-I-Mini-00005-of-00006.gguf	42	blk.42.ffn_down_shexp.weight	q8_0	640	2560	1	1	1740800
Qwen3.8-Flash-Next-APEX-I-Mini-00005-of-00006.gguf	42	blk.42.ffn_gate_exps.weight	iq2_xs	2560	640	512	1	242483200
Qwen3.8-Flash-Next-APEX-I-Mini-00005-of-00006.gguf	42	blk.42.ffn_gate_inp.weight	f32	2560	512	1	1	5242880
Qwen3.8-Flash-Next-APEX-I-Mini-00005-of-00006.gguf	42	blk.42.ffn_gate_inp_shexp.weight	f32	2560	1	1	1	10240
Qwen3.8-Flash-Next-APEX-I-Mini-00005-of-00006.gguf	42	blk.42.ffn_gate_shexp.weight	q6_K	2560	640	1	1	1344000
Qwen3.8-Flash-Next-APEX-I-Mini-00005-of-00006.gguf	42	blk.42.ffn_up_exps.weight	iq2_s	2560	640	512	1	268697600
Qwen3.8-Flash-Next-APEX-I-Mini-00005-of-00006.gguf	42	blk.42.ffn_up_shexp.weight	q6_K	2560	640	1	1	1344000
Qwen3.8-Flash-Next-APEX-I-Mini-00005-of-00006.gguf	42	blk.42.hc_attn_down.weight	q8_0	10240	320	1	1	3481600
Qwen3.8-Flash-Next-APEX-I-Mini-00005-of-00006.gguf	42	blk.42.hc_attn_inject.weight	q8_0	10240	4	1	1	43520
Qwen3.8-Flash-Next-APEX-I-Mini-00005-of-00006.gguf	42	blk.42.hc_attn_norm.weight	f32	10240	1	1	1	40960
Qwen3.8-Flash-Next-APEX-I-Mini-00005-of-00006.gguf	42	blk.42.hc_attn_up.weight	q8_0	320	10240	1	1	3481600
Qwen3.8-Flash-Next-APEX-I-Mini-00005-of-00006.gguf	42	blk.42.hc_ffn_down.weight	q8_0	10240	320	1	1	3481600
Qwen3.8-Flash-Next-APEX-I-Mini-00005-of-00006.gguf	42	blk.42.hc_ffn_inject.weight	q8_0	10240	4	1	1	43520
Qwen3.8-Flash-Next-APEX-I-Mini-00005-of-00006.gguf	42	blk.42.hc_ffn_norm.weight	f32	10240	1	1	1	40960
Qwen3.8-Flash-Next-APEX-I-Mini-00005-of-00006.gguf	42	blk.42.hc_ffn_up.weight	q8_0	320	10240	1	1	3481600
Qwen3.8-Flash-Next-APEX-I-Mini-00005-of-00006.gguf	42	blk.42.ssm_a	f32	48	1	1	1	192
Qwen3.8-Flash-Next-APEX-I-Mini-00005-of-00006.gguf	42	blk.42.ssm_alpha.weight	q6_K	2560	48	1	1	100800
Qwen3.8-Flash-Next-APEX-I-Mini-00005-of-00006.gguf	42	blk.42.ssm_beta.weight	q6_K	2560	48	1	1	100800
Qwen3.8-Flash-Next-APEX-I-Mini-00005-of-00006.gguf	42	blk.42.ssm_conv1d.weight	f32	4	10240	1	1	163840
Qwen3.8-Flash-Next-APEX-I-Mini-00005-of-00006.gguf	42	blk.42.ssm_dt.bias	f32	48	1	1	1	192
Qwen3.8-Flash-Next-APEX-I-Mini-00005-of-00006.gguf	42	blk.42.ssm_norm.weight	f32	128	1	1	1	512
Qwen3.8-Flash-Next-APEX-I-Mini-00005-of-00006.gguf	42	blk.42.ssm_out.weight	q5_K	6144	2560	1	1	10813440
Qwen3.8-Flash-Next-APEX-I-Mini-00005-of-00006.gguf	43	blk.43.attn_k.weight	q6_K	2560	512	1	1	1075200
Qwen3.8-Flash-Next-APEX-I-Mini-00005-of-00006.gguf	43	blk.43.attn_k_norm.weight	f32	256	1	1	1	1024
Qwen3.8-Flash-Next-APEX-I-Mini-00005-of-00006.gguf	43	blk.43.attn_output.weight	q5_K	6144	2560	1	1	10813440
Qwen3.8-Flash-Next-APEX-I-Mini-00005-of-00006.gguf	43	blk.43.attn_q.weight	q5_K	2560	12288	1	1	21626880
Qwen3.8-Flash-Next-APEX-I-Mini-00005-of-00006.gguf	43	blk.43.attn_q_norm.weight	f32	256	1	1	1	1024
Qwen3.8-Flash-Next-APEX-I-Mini-00005-of-00006.gguf	43	blk.43.attn_v.weight	q6_K	2560	512	1	1	1075200
Qwen3.8-Flash-Next-APEX-I-Mini-00005-of-00006.gguf	43	blk.43.ffn_down_exps.weight	iq4_nl	640	2560	512	1	471859200
Qwen3.8-Flash-Next-APEX-I-Mini-00005-of-00006.gguf	43	blk.43.ffn_down_shexp.weight	q8_0	640	2560	1	1	1740800
Qwen3.8-Flash-Next-APEX-I-Mini-00006-of-00006.gguf	43	blk.43.ffn_gate_exps.weight	iq2_xs	2560	640	512	1	242483200
Qwen3.8-Flash-Next-APEX-I-Mini-00006-of-00006.gguf	43	blk.43.ffn_gate_inp.weight	f32	2560	512	1	1	5242880
Qwen3.8-Flash-Next-APEX-I-Mini-00006-of-00006.gguf	43	blk.43.ffn_gate_inp_shexp.weight	f32	2560	1	1	1	10240
Qwen3.8-Flash-Next-APEX-I-Mini-00006-of-00006.gguf	43	blk.43.ffn_gate_shexp.weight	q6_K	2560	640	1	1	1344000
Qwen3.8-Flash-Next-APEX-I-Mini-00006-of-00006.gguf	43	blk.43.ffn_up_exps.weight	iq2_s	2560	640	512	1	268697600
Qwen3.8-Flash-Next-APEX-I-Mini-00006-of-00006.gguf	43	blk.43.ffn_up_shexp.weight	q6_K	2560	640	1	1	1344000
Qwen3.8-Flash-Next-APEX-I-Mini-00006-of-00006.gguf	43	blk.43.hc_attn_down.weight	q8_0	10240	320	1	1	3481600
Qwen3.8-Flash-Next-APEX-I-Mini-00006-of-00006.gguf	43	blk.43.hc_attn_inject.weight	q8_0	10240	4	1	1	43520
Qwen3.8-Flash-Next-APEX-I-Mini-00006-of-00006.gguf	43	blk.43.hc_attn_norm.weight	f32	10240	1	1	1	40960
Qwen3.8-Flash-Next-APEX-I-Mini-00006-of-00006.gguf	43	blk.43.hc_attn_up.weight	q8_0	320	10240	1	1	3481600
Qwen3.8-Flash-Next-APEX-I-Mini-00006-of-00006.gguf	43	blk.43.hc_ffn_down.weight	q8_0	10240	320	1	1	3481600
Qwen3.8-Flash-Next-APEX-I-Mini-00006-of-00006.gguf	43	blk.43.hc_ffn_inject.weight	q8_0	10240	4	1	1	43520
Qwen3.8-Flash-Next-APEX-I-Mini-00006-of-00006.gguf	43	blk.43.hc_ffn_norm.weight	f32	10240	1	1	1	40960
Qwen3.8-Flash-Next-APEX-I-Mini-00006-of-00006.gguf	43	blk.43.hc_ffn_up.weight	q8_0	320	10240	1	1	3481600
Qwen3.8-Flash-Next-APEX-I-Mini-00006-of-00006.gguf	43	blk.43.indexer.k_norm.weight	f32	128	1	1	1	512
Qwen3.8-Flash-Next-APEX-I-Mini-00006-of-00006.gguf	43	blk.43.indexer.k_proj.weight	bf16	2560	128	1	1	655360
Qwen3.8-Flash-Next-APEX-I-Mini-00006-of-00006.gguf	43	blk.43.indexer.q_norm.weight	f32	128	1	1	1	512
Qwen3.8-Flash-Next-APEX-I-Mini-00006-of-00006.gguf	43	blk.43.indexer.q_proj.weight	bf16	2560	512	1	1	2621440
Qwen3.8-Flash-Next-APEX-I-Mini-00006-of-00006.gguf	44	blk.44.attn_gate.weight	q5_K	2560	6144	1	1	10813440
Qwen3.8-Flash-Next-APEX-I-Mini-00006-of-00006.gguf	44	blk.44.attn_qkv.weight	q5_K	2560	10240	1	1	18022400
Qwen3.8-Flash-Next-APEX-I-Mini-00006-of-00006.gguf	44	blk.44.ffn_down_exps.weight	iq4_nl	640	2560	512	1	471859200
Qwen3.8-Flash-Next-APEX-I-Mini-00006-of-00006.gguf	44	blk.44.ffn_down_shexp.weight	q8_0	640	2560	1	1	1740800
Qwen3.8-Flash-Next-APEX-I-Mini-00006-of-00006.gguf	44	blk.44.ffn_gate_exps.weight	iq2_xs	2560	640	512	1	242483200
Qwen3.8-Flash-Next-APEX-I-Mini-00006-of-00006.gguf	44	blk.44.ffn_gate_inp.weight	f32	2560	512	1	1	5242880
Qwen3.8-Flash-Next-APEX-I-Mini-00006-of-00006.gguf	44	blk.44.ffn_gate_inp_shexp.weight	f32	2560	1	1	1	10240
Qwen3.8-Flash-Next-APEX-I-Mini-00006-of-00006.gguf	44	blk.44.ffn_gate_shexp.weight	q6_K	2560	640	1	1	1344000
Qwen3.8-Flash-Next-APEX-I-Mini-00006-of-00006.gguf	44	blk.44.ffn_up_exps.weight	iq2_s	2560	640	512	1	268697600
Qwen3.8-Flash-Next-APEX-I-Mini-00006-of-00006.gguf	44	blk.44.ffn_up_shexp.weight	q6_K	2560	640	1	1	1344000
Qwen3.8-Flash-Next-APEX-I-Mini-00006-of-00006.gguf	44	blk.44.hc_attn_down.weight	q8_0	10240	320	1	1	3481600
Qwen3.8-Flash-Next-APEX-I-Mini-00006-of-00006.gguf	44	blk.44.hc_attn_inject.weight	q8_0	10240	4	1	1	43520
Qwen3.8-Flash-Next-APEX-I-Mini-00006-of-00006.gguf	44	blk.44.hc_attn_norm.weight	f32	10240	1	1	1	40960
Qwen3.8-Flash-Next-APEX-I-Mini-00006-of-00006.gguf	44	blk.44.hc_attn_up.weight	q8_0	320	10240	1	1	3481600
Qwen3.8-Flash-Next-APEX-I-Mini-00006-of-00006.gguf	44	blk.44.hc_ffn_down.weight	q8_0	10240	320	1	1	3481600
Qwen3.8-Flash-Next-APEX-I-Mini-00006-of-00006.gguf	44	blk.44.hc_ffn_inject.weight	q8_0	10240	4	1	1	43520
Qwen3.8-Flash-Next-APEX-I-Mini-00006-of-00006.gguf	44	blk.44.hc_ffn_norm.weight	f32	10240	1	1	1	40960
Qwen3.8-Flash-Next-APEX-I-Mini-00006-of-00006.gguf	44	blk.44.hc_ffn_up.weight	q8_0	320	10240	1	1	3481600
Qwen3.8-Flash-Next-APEX-I-Mini-00006-of-00006.gguf	44	blk.44.ssm_a	f32	48	1	1	1	192
Qwen3.8-Flash-Next-APEX-I-Mini-00006-of-00006.gguf	44	blk.44.ssm_alpha.weight	q6_K	2560	48	1	1	100800
Qwen3.8-Flash-Next-APEX-I-Mini-00006-of-00006.gguf	44	blk.44.ssm_beta.weight	q6_K	2560	48	1	1	100800
Qwen3.8-Flash-Next-APEX-I-Mini-00006-of-00006.gguf	44	blk.44.ssm_conv1d.weight	f32	4	10240	1	1	163840
Qwen3.8-Flash-Next-APEX-I-Mini-00006-of-00006.gguf	44	blk.44.ssm_dt.bias	f32	48	1	1	1	192
Qwen3.8-Flash-Next-APEX-I-Mini-00006-of-00006.gguf	44	blk.44.ssm_norm.weight	f32	128	1	1	1	512
Qwen3.8-Flash-Next-APEX-I-Mini-00006-of-00006.gguf	44	blk.44.ssm_out.weight	q5_K	6144	2560	1	1	10813440
Qwen3.8-Flash-Next-APEX-I-Mini-00006-of-00006.gguf	45	blk.45.attn_gate.weight	q5_K	2560	6144	1	1	10813440
Qwen3.8-Flash-Next-APEX-I-Mini-00006-of-00006.gguf	45	blk.45.attn_qkv.weight	q5_K	2560	10240	1	1	18022400
Qwen3.8-Flash-Next-APEX-I-Mini-00006-of-00006.gguf	45	blk.45.ffn_down_exps.weight	iq4_nl	640	2560	512	1	471859200
Qwen3.8-Flash-Next-APEX-I-Mini-00006-of-00006.gguf	45	blk.45.ffn_down_shexp.weight	q8_0	640	2560	1	1	1740800
Qwen3.8-Flash-Next-APEX-I-Mini-00006-of-00006.gguf	45	blk.45.ffn_gate_exps.weight	iq2_xs	2560	640	512	1	242483200
Qwen3.8-Flash-Next-APEX-I-Mini-00006-of-00006.gguf	45	blk.45.ffn_gate_inp.weight	f32	2560	512	1	1	5242880
Qwen3.8-Flash-Next-APEX-I-Mini-00006-of-00006.gguf	45	blk.45.ffn_gate_inp_shexp.weight	f32	2560	1	1	1	10240
Qwen3.8-Flash-Next-APEX-I-Mini-00006-of-00006.gguf	45	blk.45.ffn_gate_shexp.weight	q6_K	2560	640	1	1	1344000
Qwen3.8-Flash-Next-APEX-I-Mini-00006-of-00006.gguf	45	blk.45.ffn_up_exps.weight	iq2_s	2560	640	512	1	268697600
Qwen3.8-Flash-Next-APEX-I-Mini-00006-of-00006.gguf	45	blk.45.ffn_up_shexp.weight	q6_K	2560	640	1	1	1344000
Qwen3.8-Flash-Next-APEX-I-Mini-00006-of-00006.gguf	45	blk.45.hc_attn_down.weight	q8_0	10240	320	1	1	3481600
Qwen3.8-Flash-Next-APEX-I-Mini-00006-of-00006.gguf	45	blk.45.hc_attn_inject.weight	q8_0	10240	4	1	1	43520
Qwen3.8-Flash-Next-APEX-I-Mini-00006-of-00006.gguf	45	blk.45.hc_attn_norm.weight	f32	10240	1	1	1	40960
Qwen3.8-Flash-Next-APEX-I-Mini-00006-of-00006.gguf	45	blk.45.hc_attn_up.weight	q8_0	320	10240	1	1	3481600
Qwen3.8-Flash-Next-APEX-I-Mini-00006-of-00006.gguf	45	blk.45.hc_ffn_down.weight	q8_0	10240	320	1	1	3481600
Qwen3.8-Flash-Next-APEX-I-Mini-00006-of-00006.gguf	45	blk.45.hc_ffn_inject.weight	q8_0	10240	4	1	1	43520
Qwen3.8-Flash-Next-APEX-I-Mini-00006-of-00006.gguf	45	blk.45.hc_ffn_norm.weight	f32	10240	1	1	1	40960
Qwen3.8-Flash-Next-APEX-I-Mini-00006-of-00006.gguf	45	blk.45.hc_ffn_up.weight	q8_0	320	10240	1	1	3481600
Qwen3.8-Flash-Next-APEX-I-Mini-00006-of-00006.gguf	45	blk.45.ssm_a	f32	48	1	1	1	192
Qwen3.8-Flash-Next-APEX-I-Mini-00006-of-00006.gguf	45	blk.45.ssm_alpha.weight	q6_K	2560	48	1	1	100800
Qwen3.8-Flash-Next-APEX-I-Mini-00006-of-00006.gguf	45	blk.45.ssm_beta.weight	q6_K	2560	48	1	1	100800
Qwen3.8-Flash-Next-APEX-I-Mini-00006-of-00006.gguf	45	blk.45.ssm_conv1d.weight	f32	4	10240	1	1	163840
Qwen3.8-Flash-Next-APEX-I-Mini-00006-of-00006.gguf	45	blk.45.ssm_dt.bias	f32	48	1	1	1	192
Qwen3.8-Flash-Next-APEX-I-Mini-00006-of-00006.gguf	45	blk.45.ssm_norm.weight	f32	128	1	1	1	512
Qwen3.8-Flash-Next-APEX-I-Mini-00006-of-00006.gguf	45	blk.45.ssm_out.weight	q5_K	6144	2560	1	1	10813440
Qwen3.8-Flash-Next-APEX-I-Mini-00006-of-00006.gguf	46	blk.46.attn_gate.weight	q5_K	2560	6144	1	1	10813440
Qwen3.8-Flash-Next-APEX-I-Mini-00006-of-00006.gguf	46	blk.46.attn_qkv.weight	q5_K	2560	10240	1	1	18022400
Qwen3.8-Flash-Next-APEX-I-Mini-00006-of-00006.gguf	46	blk.46.ffn_down_exps.weight	iq4_nl	640	2560	512	1	471859200
Qwen3.8-Flash-Next-APEX-I-Mini-00006-of-00006.gguf	46	blk.46.ffn_down_shexp.weight	q8_0	640	2560	1	1	1740800
Qwen3.8-Flash-Next-APEX-I-Mini-00006-of-00006.gguf	46	blk.46.ffn_gate_exps.weight	iq2_xs	2560	640	512	1	242483200
Qwen3.8-Flash-Next-APEX-I-Mini-00006-of-00006.gguf	46	blk.46.ffn_gate_inp.weight	f32	2560	512	1	1	5242880
Qwen3.8-Flash-Next-APEX-I-Mini-00006-of-00006.gguf	46	blk.46.ffn_gate_inp_shexp.weight	f32	2560	1	1	1	10240
Qwen3.8-Flash-Next-APEX-I-Mini-00006-of-00006.gguf	46	blk.46.ffn_gate_shexp.weight	q6_K	2560	640	1	1	1344000
Qwen3.8-Flash-Next-APEX-I-Mini-00006-of-00006.gguf	46	blk.46.ffn_up_exps.weight	iq2_s	2560	640	512	1	268697600
Qwen3.8-Flash-Next-APEX-I-Mini-00006-of-00006.gguf	46	blk.46.ffn_up_shexp.weight	q6_K	2560	640	1	1	1344000
Qwen3.8-Flash-Next-APEX-I-Mini-00006-of-00006.gguf	46	blk.46.hc_attn_down.weight	q8_0	10240	320	1	1	3481600
Qwen3.8-Flash-Next-APEX-I-Mini-00006-of-00006.gguf	46	blk.46.hc_attn_inject.weight	q8_0	10240	4	1	1	43520
Qwen3.8-Flash-Next-APEX-I-Mini-00006-of-00006.gguf	46	blk.46.hc_attn_norm.weight	f32	10240	1	1	1	40960
Qwen3.8-Flash-Next-APEX-I-Mini-00006-of-00006.gguf	46	blk.46.hc_attn_up.weight	q8_0	320	10240	1	1	3481600
Qwen3.8-Flash-Next-APEX-I-Mini-00006-of-00006.gguf	46	blk.46.hc_ffn_down.weight	q8_0	10240	320	1	1	3481600
Qwen3.8-Flash-Next-APEX-I-Mini-00006-of-00006.gguf	46	blk.46.hc_ffn_inject.weight	q8_0	10240	4	1	1	43520
Qwen3.8-Flash-Next-APEX-I-Mini-00006-of-00006.gguf	46	blk.46.hc_ffn_norm.weight	f32	10240	1	1	1	40960
Qwen3.8-Flash-Next-APEX-I-Mini-00006-of-00006.gguf	46	blk.46.hc_ffn_up.weight	q8_0	320	10240	1	1	3481600
Qwen3.8-Flash-Next-APEX-I-Mini-00006-of-00006.gguf	46	blk.46.ssm_a	f32	48	1	1	1	192
Qwen3.8-Flash-Next-APEX-I-Mini-00006-of-00006.gguf	46	blk.46.ssm_alpha.weight	q6_K	2560	48	1	1	100800
Qwen3.8-Flash-Next-APEX-I-Mini-00006-of-00006.gguf	46	blk.46.ssm_beta.weight	q6_K	2560	48	1	1	100800
Qwen3.8-Flash-Next-APEX-I-Mini-00006-of-00006.gguf	46	blk.46.ssm_conv1d.weight	f32	4	10240	1	1	163840
Qwen3.8-Flash-Next-APEX-I-Mini-00006-of-00006.gguf	46	blk.46.ssm_dt.bias	f32	48	1	1	1	192
Qwen3.8-Flash-Next-APEX-I-Mini-00006-of-00006.gguf	46	blk.46.ssm_norm.weight	f32	128	1	1	1	512
Qwen3.8-Flash-Next-APEX-I-Mini-00006-of-00006.gguf	46	blk.46.ssm_out.weight	q5_K	6144	2560	1	1	10813440
Qwen3.8-Flash-Next-APEX-I-Mini-00006-of-00006.gguf	47	blk.47.attn_k.weight	q6_K	2560	512	1	1	1075200
Qwen3.8-Flash-Next-APEX-I-Mini-00006-of-00006.gguf	47	blk.47.attn_k_norm.weight	f32	256	1	1	1	1024
Qwen3.8-Flash-Next-APEX-I-Mini-00006-of-00006.gguf	47	blk.47.attn_output.weight	q5_K	6144	2560	1	1	10813440
Qwen3.8-Flash-Next-APEX-I-Mini-00006-of-00006.gguf	47	blk.47.attn_q.weight	q5_K	2560	12288	1	1	21626880
Qwen3.8-Flash-Next-APEX-I-Mini-00006-of-00006.gguf	47	blk.47.attn_q_norm.weight	f32	256	1	1	1	1024
Qwen3.8-Flash-Next-APEX-I-Mini-00006-of-00006.gguf	47	blk.47.attn_v.weight	q6_K	2560	512	1	1	1075200
Qwen3.8-Flash-Next-APEX-I-Mini-00006-of-00006.gguf	47	blk.47.ffn_down_exps.weight	iq4_nl	640	2560	512	1	471859200
Qwen3.8-Flash-Next-APEX-I-Mini-00006-of-00006.gguf	47	blk.47.ffn_down_shexp.weight	q8_0	640	2560	1	1	1740800
Qwen3.8-Flash-Next-APEX-I-Mini-00006-of-00006.gguf	47	blk.47.ffn_gate_exps.weight	iq2_xs	2560	640	512	1	242483200
Qwen3.8-Flash-Next-APEX-I-Mini-00006-of-00006.gguf	47	blk.47.ffn_gate_inp.weight	f32	2560	512	1	1	5242880
Qwen3.8-Flash-Next-APEX-I-Mini-00006-of-00006.gguf	47	blk.47.ffn_gate_inp_shexp.weight	f32	2560	1	1	1	10240
Qwen3.8-Flash-Next-APEX-I-Mini-00006-of-00006.gguf	47	blk.47.ffn_gate_shexp.weight	q6_K	2560	640	1	1	1344000
Qwen3.8-Flash-Next-APEX-I-Mini-00006-of-00006.gguf	47	blk.47.ffn_up_exps.weight	iq2_s	2560	640	512	1	268697600
Qwen3.8-Flash-Next-APEX-I-Mini-00006-of-00006.gguf	47	blk.47.ffn_up_shexp.weight	q6_K	2560	640	1	1	1344000
Qwen3.8-Flash-Next-APEX-I-Mini-00006-of-00006.gguf	47	blk.47.hc_attn_down.weight	q8_0	10240	320	1	1	3481600
Qwen3.8-Flash-Next-APEX-I-Mini-00006-of-00006.gguf	47	blk.47.hc_attn_inject.weight	q8_0	10240	4	1	1	43520
Qwen3.8-Flash-Next-APEX-I-Mini-00006-of-00006.gguf	47	blk.47.hc_attn_norm.weight	f32	10240	1	1	1	40960
Qwen3.8-Flash-Next-APEX-I-Mini-00006-of-00006.gguf	47	blk.47.hc_attn_up.weight	q8_0	320	10240	1	1	3481600
Qwen3.8-Flash-Next-APEX-I-Mini-00006-of-00006.gguf	47	blk.47.hc_ffn_down.weight	q8_0	10240	320	1	1	3481600
Qwen3.8-Flash-Next-APEX-I-Mini-00006-of-00006.gguf	47	blk.47.hc_ffn_inject.weight	q8_0	10240	4	1	1	43520
Qwen3.8-Flash-Next-APEX-I-Mini-00006-of-00006.gguf	47	blk.47.hc_ffn_norm.weight	f32	10240	1	1	1	40960
Qwen3.8-Flash-Next-APEX-I-Mini-00006-of-00006.gguf	47	blk.47.hc_ffn_up.weight	q8_0	320	10240	1	1	3481600
Qwen3.8-Flash-Next-APEX-I-Mini-00006-of-00006.gguf	47	blk.47.indexer.k_norm.weight	f32	128	1	1	1	512
Qwen3.8-Flash-Next-APEX-I-Mini-00006-of-00006.gguf	47	blk.47.indexer.k_proj.weight	bf16	2560	128	1	1	655360
Qwen3.8-Flash-Next-APEX-I-Mini-00006-of-00006.gguf	47	blk.47.indexer.q_norm.weight	f32	128	1	1	1	512
Qwen3.8-Flash-Next-APEX-I-Mini-00006-of-00006.gguf	47	blk.47.indexer.q_proj.weight	bf16	2560	512	1	1	2621440
